{
  "type": "minecraft:chest",
  "pools": [
    {
      "rolls": {
        "type": "minecraft:uniform",
        "min": 1.0,
        "max": 2.0
      },
      "bonus_rolls": 0.0,
      "entries": [
        {
          "type": "minecraft:item",
          "name": "minecraft:chicken",
          "functions": [
            {
              "function": "minecraft:set_count",
              "count": {
                "type": "minecraft:uniform",
                "min": 1.0,
                "max": 2.0
              }
            }
          ],
          "weight": 1
        },
        {
          "type": "minecraft:item",
          "name": "minecraft:carrot",
          "functions": [
            {
              "function": "minecraft:set_count",
              "count": {
                "type": "minecraft:uniform",
                "min": 2.0,
                "max": 4.0
              }
            }
          ],
          "weight": 1
        },
        {
          "type": "minecraft:item",
          "name": "minecraft:potato",
          "functions": [
            {
              "function": "minecraft:set_count",
              "count": {
                "type": "minecraft:uniform",
                "min": 2.0,
                "max": 4.0
              }
            }
          ],
          "weight": 1
        },
        {
          "type": "minecraft:item",
          "name": "minecraft:rotten_flesh",
          "functions": [
            {
              "function": "minecraft:set_count",
              "count": {
                "type": "minecraft:uniform",
                "min": 2.0,
                "max": 4.0
              }
            }
          ],
          "weight": 1
        },
        {
          "type": "minecraft:loot_table",
          "value": "siscu:gameplay/fishing/fish",
          "functions": [
            {
              "function": "minecraft:set_count",
              "count": {
                "type": "minecraft:uniform",
                "min": 1.0,
                "max": 2.0
              }
            }
          ],
          "weight": 1
        }
      ]
    },
    {
      "rolls": {
        "max": 1.0,
        "min": 0.0
      },
      "entries": [
        {
          "type": "item",
          "name": "brown_mushroom"
        },
        {
          "type": "item",
          "name": "red_mushroom"
        }
      ]
    },
    {
      "rolls": 1,
      "bonus_rolls": 0.0,
      "entries": [
        {
          "type": "minecraft:loot_table",
          "value": "siscu:items/tools/ladle",
          "weight": 1
        },
        {
          "type": "minecraft:item",
          "name": "minecraft:bowl",
          "weight": 2
        }
      ],
      "conditions": [{"condition": "random_chance","chance": 0.5}]
    },
    {
      "rolls": 1.0,
      "bonus_rolls": 0.0,
      "entries": [
        {
          "type": "minecraft:item",
          "name": "minecraft:cobweb",
          "functions": [
            {
              "function": "minecraft:set_count",
              "count": {
                "type": "minecraft:uniform",
                "min": 1.0,
                "max": 2.0
              }
            }
          ],
          "weight": 1
        }
      ]
    }
  ]
}