{
  "type": "minecraft:chest",
  "pools": [
    {
      "rolls": {"min": 0,"max": 2},
      "entries": [
        {
          "type": "item",
          "name": "leather"
        },
        {
          "type": "item",
          "name": "white_wool"
        },
        {
          "type": "item",
          "name": "string"
        },
        {
          "type": "item",
          "name": "tripwire_hook"
        }
      ]
    },
    {
      "rolls": {
        "min": 1,
        "max": 2
      },
      "bonus_rolls": 0,
      "entries": [
        {
          "type": "minecraft:loot_table",
          "value": "siscu:items/combat/elegant_hat",
          "weight": 1
        },
        {
          "type": "minecraft:loot_table",
          "value": "siscu:items/combat/elegant_suit",
          "weight": 1
        },
        {
          "type": "minecraft:loot_table",
          "value": "siscu:items/combat/elegant_trousers",
          "weight": 1
        }
      ],
      "conditions": [
        {
          "condition": "random_chance",
          "chance": 0.3
        }
      ]
    },
    {
      "rolls": 1,
      "entries": [
        {
          "type": "item",
          "name": "cobweb"
        }
      ],
      "conditions": [
        {
          "condition": "random_chance",
          "chance": 0.5
        }
      ]
    }
  ]
}