{
	"pools": [
	{
		"rolls": 1,
		"entries": [
		{
			"type": "minecraft:item",
			"name": "minecraft:map",
			"functions": [
			{
				"function": "minecraft:exploration_map",
				"destination": "ancient_city",
				"decoration": "banner_black",
				"skip_existing_chunks": false,
				"zoom": 3,
				"search_radius": 50
			},
			{
				"function": "minecraft:set_components",
                "components": {
					"map_color":0,
					"item_name":{"translate":"item.siscu.ancient_city_map"}
				}
			}
			]
		}
		]
	}
	]
}