{
    "pools": [
      {
        "rolls": 1,
        "entries": [
          {
            "type": "loot_table",
            "value": "siscu:items/tools/pamphlet",
            "functions": [
                {
                    "function": "minecraft:set_lore",
                    "lore": [{
                        "translate": "By Siscu",
                        "italic": false,
                        "color": "gray"
                    },{"text":""},
                    {
                        "translate": "Owner: ",
                        "italic":false,
                        "color":"gray",
                        "extra": [{"selector": "@n[type=wandering_trader]"}]
                    }
                    
                    ],
                    "entity": "this",
                    "mode": "replace_all"
                }
            ]
          }
        ]
      }
    ]
  }
  