{
  "pools": [
    {
      "rolls": 1,
      "entries": [
        {
          "type": "item",
          "name": "minecraft:emerald",
          "functions": [
            {
              "function": "set_count",
              "count": {"min":20,"max":40}
            }
          ]
        }
      ]
    },
    {
      "rolls": 1,
      "entries": [
        {
          "type": "item",
          "name": "diamond",
          "functions": [
            {
              "function": "set_count",
              "count": {"min":2,"max":3}
            }
          ]
        }
      ]
    }
  ]
}
