{
  "pools": [
    {
      "rolls": 1,
      "entries": [
        {
          "type": "minecraft:loot_table",
          "value": "siscu:entities/piglin/golden_swords_piglin",
          "weight":6
        },
        {
          "type": "minecraft:item",
          "name":"minecraft:bow",
          "weight":2,
          "functions": [
            {
              "function": "set_components",
              "components": {"item_model":"minecraft:crossbow"}
            }
          ]
        },
        {
          "type": "minecraft:loot_table",
          "value": "siscu:entities/piglin/brute/weapons",
          "weight":1
        }
		]
	}
  ]
}