{
  "pools": [
    {
      "rolls": 1,
      "entries": [
        {
          "type": "minecraft:item",
          "name": "minecraft:bone",
		  "functions":[
			  {
			  "function": "minecraft:set_components",
			  "components": {"item_model":"siscu_se:piglin_skull"}
			  }
			],
		"weight":3,
		"conditions": [
		  {
			  "condition": "minecraft:location_check",
			  "predicate": {"dimension": "minecraft:the_nether"}
		  },
		  {"condition": "random_chance","chance": 0.75}
		  ]
      },
        {
          "type": "minecraft:item",
          "name": "minecraft:bone",
		  "functions":[
			  {
			  "function": "minecraft:set_components",
			  "components": {"item_model":"siscu_se:villager_skull"}
			  }
			],
		"weight":1,
		"conditions": [
		  {
			  "condition": "minecraft:location_check",
			  "predicate": {"dimension": "minecraft:overworld"}
		  },
		  {"condition": "random_chance","chance": 0.5}
		  ]
      }
	]
	}
  ]
}