{
  "pools": [
    {
      "rolls": 1,
      "entries": [
        {
          "type": "minecraft:item",
          "name": "minecraft:bone",
		  "weight": 89,
		  "functions":[
		  {
			  "function": "minecraft:set_components",
			  "components": {"item_model":"siscu_se:piglin_skull"}
		  }
		  ]
        },
        {
          "type": "minecraft:item",
          "name": "minecraft:bone",
		  "weight": 5,
		  "functions":[
		  {
			  "function": "minecraft:set_components",
			  "components": {"item_model":"siscu_se:piglin_skull_golden"}
		  }
		  ]
        },
        {
          "type": "minecraft:item",
          "name": "minecraft:bone",
		  "weight": 5,
		  "functions":[
		  {
			  "function": "minecraft:set_components",
			  "components": {"item_model":"siscu_se:piglin_skull_chainmail"}
		  }
		  ]
        },
        {
          "type": "minecraft:item",
          "name": "minecraft:bone",
		  "weight": 1,
		  "functions":[
		  {
			  "function": "minecraft:set_components",
			  "components": {"item_model":"siscu_se:piglin_skull_netherite"}
		  }
		  ]
        }
		]
    }
  ]
}