{
  "pools": [
    {
      "rolls": 1,
      "entries": [
        {
          "type": "minecraft:item",
          "name": "minecraft:bone",
		  "functions":[
		  {
			  "function": "minecraft:set_components",
			  "components": {"item_model":"siscu_se:villager_skull"}
		  }
		  ]
		},
        {
          "type": "minecraft:item",
          "name": "minecraft:bone",
		  "functions":[
		  {
			  "function": "minecraft:set_components",
			  "components": {"item_model":"siscu_se:villager_skull_armorer"}
		  }
		  ]
		},
        {
          "type": "minecraft:item",
          "name": "minecraft:bone",
		  "functions":[
		  {
			  "function": "minecraft:set_components",
			  "components": {"item_model":"siscu_se:villager_skull_butcher"}
		  }
		  ]
		},
        {
          "type": "minecraft:item",
          "name": "minecraft:bone",
		  "functions":[
		  {
			  "function": "minecraft:set_components",
			  "components": {"item_model":"siscu_se:villager_skull_cartographer"}
		  }
		  ]
		},
        {
          "type": "minecraft:item",
          "name": "minecraft:bone",
		  "functions":[
		  {
			  "function": "minecraft:set_components",
			  "components": {"item_model":"siscu_se:villager_skull_cleric"}
		  }
		  ]
		},
        {
          "type": "minecraft:item",
          "name": "minecraft:bone",
		  "functions":[
		  {
			  "function": "minecraft:set_components",
			  "components": {"item_model":"siscu_se:villager_skull_farmer"}
		  }
		  ]
		},
        {
          "type": "minecraft:item",
          "name": "minecraft:bone",
		  "functions":[
		  {
			  "function": "minecraft:set_components",
			  "components": {"item_model":"siscu_se:villager_skull_fisherman"}
		  }
		  ]
		},
        {
          "type": "minecraft:item",
          "name": "minecraft:bone",
		  "functions":[
		  {
			  "function": "minecraft:set_components",
			  "components": {"item_model":"siscu_se:villager_skull_fletcher"}
		  }
		  ]
		},
        {
          "type": "minecraft:item",
          "name": "minecraft:bone",
		  "functions":[
		  {
			  "function": "minecraft:set_components",
			  "components": {"item_model":"siscu_se:villager_skull_leatherworker"}
		  }
		  ]
		},
        {
          "type": "minecraft:item",
          "name": "minecraft:bone",
		  "functions":[
		  {
			  "function": "minecraft:set_components",
			  "components": {"item_model":"siscu_se:villager_skull_librarian"}
		  }
		  ]
		},
        {
          "type": "minecraft:item",
          "name": "minecraft:bone",
		  "functions":[
		  {
			  "function": "minecraft:set_components",
			  "components": {"item_model":"siscu_se:villager_skull_mason"}
		  }
		  ]
		},
        {
          "type": "minecraft:item",
          "name": "minecraft:bone",
		  "functions":[
		  {
			  "function": "minecraft:set_components",
			  "components": {"item_model":"siscu_se:villager_skull_shepherd"}
		  }
		  ]
		},
        {
          "type": "minecraft:item",
          "name": "minecraft:bone",
		  "functions":[
		  {
			  "function": "minecraft:set_components",
			  "components": {"item_model":"siscu_se:villager_skull_toolsmith"}
		  }
		  ]
		},
        {
          "type": "minecraft:item",
          "name": "minecraft:bone",
		  "functions":[
		  {
			  "function": "minecraft:set_components",
			  "components": {"item_model":"siscu_se:villager_skull_weaponsmith"}
		  }
		  ]
		}
		]
    }
    ]
}