{
	"parent": "minecraft:end/enter_end_gateway",
	"display":{
			"icon": {
					"id": "minecraft:chorus_fruit"
			},
			"title": {"translate": "advancements.siscu.minecraft.eat_chorus_fruit_in_the_void.title"},
			"description": [{
				"translate": "advancements.siscu.minecraft.eat_chorus_fruit_in_the_void.description"
				},
				{
					"text":"\nSurvivor's Elegy",
					"color": "gold",
					"italic": true
				}
		],
		"show_toast": true,
		"announce_to_chat": false,
		"hidden": false,
		"frame": "goal"
	},
    "criteria": {
        "1":{
            "trigger": "minecraft:impossible"
        }
    }
}