{
	"parent": "minecraft:end/enter_end_gateway",
	"display":{
			"icon": {
					"id": "minecraft:amethyst_shard",
					"components": {"item_model":"siscu_se:mirage_bottle"}
			},
			"title": {"translate": "advancements.siscu.minecraft.mirage_bottle_on_mirage.title","extra":[{"text":"^2","font":"siscu_se:superscript"}]},
			"description": [{
				"translate": "advancements.siscu.minecraft.mirage_bottle_on_mirage.description"
				},
				{
					"text":"\nSurvivor's Elegy",
					"color": "gold",
					"italic": true
				}
		],
		"show_toast": true,
		"announce_to_chat": false,
		"hidden": false
	},
    "criteria": {
        "1":{
            "trigger": "minecraft:impossible"
        }
    }
}