{
  "pools": [
    {
      "rolls": 1,
      "entries": [
        {
          "type": "minecraft:item",
          "name": "minecraft:iron_sword",
		  "functions": [
			{
				"function": "minecraft:set_components",
				"components": {"item_model":"siscu_se:baby_iron_sword"}
			}
			],
			"weight":4
        },
        {
          "type": "minecraft:item",
          "name": "minecraft:wooden_sword",
		  "functions": [
			{
				"function": "minecraft:set_components",
				"components": {"item_model":"siscu_se:baby_wooden_sword"}
			}
			],
			"weight":4
        },
        {
          "type": "minecraft:item",
          "name": "minecraft:stone_sword",
		  "functions": [
			{
				"function": "minecraft:set_components",
				"components": {"item_model":"siscu_se:baby_stone_sword"}
			}
			],
			"weight":4
        },
        {
          "type": "minecraft:item",
          "name": "minecraft:golden_sword",
		  "functions": [
			{
				"function": "minecraft:set_components",
				"components": {"item_model":"siscu_se:baby_gold_sword"}
			}
			],
			"weight":4
        },
        {
          "type": "minecraft:item",
          "name": "minecraft:copper_sword",
		  "functions": [
			{
				"function": "minecraft:set_components",
				"components": {"item_model":"siscu_se:baby_copper_sword"}
			}
			],
			"weight":1
        },
        {
          "type": "minecraft:item",
          "name": "minecraft:copper_sword",
		  "functions": [
			{
				"function": "minecraft:set_components",
				"components": {"item_model":"siscu_se:baby_esposed_copper_sword"}
			}
			],
			"weight":1
        },
        {
          "type": "minecraft:item",
          "name": "minecraft:copper_sword",
		  "functions": [
			{
				"function": "minecraft:set_components",
				"components": {"item_model":"siscu_se:baby_weathered_copper_sword"}
			}
			],
			"weight":1
        },
        {
          "type": "minecraft:item",
          "name": "minecraft:copper_sword",
		  "functions": [
			{
				"function": "minecraft:set_components",
				"components": {"item_model":"siscu_se:baby_oxidised_copper_sword"}
			}
			],
			"weight":1
        }
		]
	}
  ]
}