{
  "pools": [
    {
      "rolls": 1,
      "entries": [
        {
          "type": "minecraft:item",
          "name": "minecraft:shield",
		  "weight":100,
		  "functions": [
			{
				"function": "minecraft:set_components",
				"components": {"item_model":"siscu_se:baby_shield"}
			}
			]
        },
        {
          "type": "minecraft:item",
          "name": "minecraft:torch",
		  "weight":100,
		  "conditions": [
		  {
			  "condition": "minecraft:reference",
			  "name": "siscu:locations/check_underground"
		  }
		  ]
        }
	]
  }
  ]
}