{
  "pools": [
    {
      "rolls": 1,
      "entries": [
        {
          "type": "minecraft:item",
          "name": "minecraft:leather_chestplate",
		  "weight":10
        },
        {
          "type": "minecraft:item",
          "name": "minecraft:chainmail_chestplate",
		  "weight":6
        },
        {
          "type": "minecraft:item",
          "name": "minecraft:golden_chestplate",
		  "weight":4
        },
        {
          "type": "minecraft:loot_table",
          "value": "siscu:groups/tools/copper_chestplates",
		  "weight":6
        },
        {
          "type": "minecraft:item",
          "name": "minecraft:iron_chestplate",
		  "weight":4
        },
        {
          "type": "minecraft:item",
          "name": "minecraft:diamond_chestplate",
		  "weight":1
        }
	],
  "conditions": [{"condition": "random_chance","chance": 0.2}]
  }
  ]
}