{
	"parent": "siscu:minecraft/husbandry/plant_sculk_plantoid",
	"display":{
			"icon": {
					"id": "minecraft:leather",
					"components": {"item_model":"siscu_se:sculk_plantoid_4"}
			},
			"title": {"translate": "advancements.siscu.minecraft.bloom_plantoid.title"},
			"description": [{
				"translate": "advancements.siscu.minecraft.bloom_plantoid.description"
				},
				{
					"text":"\nSurvivor's Elegy",
					"color": "gold",
					"italic": true
				}
		],
		"show_toast": true,
		"announce_to_chat": true,
		"hidden": true,
		"frame": "challenge"
	},
    "criteria": {
        "1":{
            "trigger": "minecraft:impossible"
        }
    },
	"rewards": {
		"experience": 1395
	}
}