{
	"parent": "siscu:minecraft/husbandry/broth_scoop",
	"display":{
			"icon": {
					"id": "minecraft:wet_sponge"
			},
			"title": {"translate": "advancements.siscu.minecraft.broth_clean.title"},
			"description": [{
				"translate": "advancements.siscu.minecraft.broth_clean.description"
				},
				{
					"text":"\nSurvivor's Elegy",
					"color": "gold",
					"italic": true
				}
		],
		"show_toast": true,
		"announce_to_chat": false,
		"hidden": false
	},
    "criteria": {
        "1":{
            "trigger": "minecraft:impossible"
        }
    }
}