{
	"parent": "minecraft:husbandry/root",
	"display":{
			"icon": {
					"id": "minecraft:suspicious_stew",
					"components": {"item_model":"siscu_se:ladle"}
			},
			"title": {"translate": "advancements.siscu.minecraft.broth_cauldron.title"},
			"description": [{
				"translate": "advancements.siscu.minecraft.broth_cauldron.description"
				},
				{
					"text":"\nSurvivor's Elegy",
					"color": "gold",
					"italic": true
				}
		],
		"show_toast": true,
		"announce_to_chat": false,
		"hidden": false
	},
    "criteria": {
        "1":{
            "trigger": "minecraft:impossible"
        }
    }
}