{
	"parent": "minecraft:husbandry/root",
	"display": {
		"icon": {
			"id": "minecraft:raw_iron",
			"components": {
				"item_model": "siscu_se:allay_container_allay"
			}
		},
		"title": {
			"translate": "advancements.siscu.minecraft.contain_allay.title"
		},
		"description": [
			{
				"translate": "advancements.siscu.minecraft.contain_allay.description"
			},
			{
				"text": "\nSurvivor's Elegy",
				"color": "gold",
				"italic": true
			}
		],
		"show_toast": true,
		"announce_to_chat": false,
		"hidden": false
	},
	"criteria": {
		"1": {
			"trigger": "minecraft:impossible"
		}
	}
}