{
	"parent": "siscu:minecraft/husbandry/broth_scoop",
	"display":{
			"icon": {
					"id": "minecraft:suspicious_stew",
					"components": {"item_model":"siscu_se:broth_bucket"}
			},
			"title": {"translate": "advancements.siscu.minecraft.eat_broth_bucket.title"},
			"description": [{
				"translate": "advancements.siscu.minecraft.eat_broth_bucket.description"
				},
				{
					"text":"\nSurvivor's Elegy",
					"color": "gold",
					"italic": true
				}
		],
		"show_toast": true,
		"announce_to_chat": true,
		"hidden": false,
		"frame": "goal"
	},
    "criteria": {
        "1":{
            "trigger": "minecraft:consume_item",
			"conditions": {
				"item": {
					"components": {
						"item_model": "siscu_se:broth_bucket"
					}
				}
			}
        }
    },
	"rewards": {
		"experience": 1395
	}
}