{
	"parent": "siscu:minecraft/husbandry/ride_mob_fancily",
	"display":{
			"icon": {
					"id": "minecraft:leather_horse_armor",
					"components": {"item_model":"siscu_se:netherite_horse_armor"}
			},
			"title": {"translate": "advancements.siscu.minecraft.all_horse_armor.title"},
			"description": [{
				"translate": "advancements.siscu.minecraft.all_horse_armor.description"
				},
				{
					"text":"\nSurvivor's Elegy",
					"color": "gold",
					"italic": true
				}
		],
		"show_toast": true,
		"announce_to_chat": false,
		"hidden": false,
		"frame": "goal"
	},
	"criteria": {
		"1": {
			"trigger":"minecraft:inventory_changed",
			"conditions": {
				"items": [
				{
					"predicates": {"custom_data":{"SE_data":{"id":"siscu:wax_horse_armor"}}}
				}
				]
			}
		},
		"2": {
			"trigger":"minecraft:inventory_changed",
			"conditions": {
				"items": [
				{
					"predicates": {"custom_data":{"SE_data":{"id":"siscu:netherite_horse_armor"}}}
				}
				]
			}
		},
		"3": {
			"trigger":"minecraft:inventory_changed",
			"conditions": {
				"items": [
				{
					"predicates": {"custom_data":{"SE_data":{"id":"siscu:chainmail_horse_armor"}}}
				}
				]
			}
		},
		"4": {
			"trigger":"minecraft:inventory_changed",
			"conditions": {
				"items": [{"items": "copper_horse_armor"}]
			}
		},
		"5": {
			"trigger":"minecraft:inventory_changed",
			"conditions": {
				"items": [
				{
					"items": ["iron_horse_armor"]
				}
				]
			}
		},
		"6": {
			"trigger":"minecraft:inventory_changed",
			"conditions": {
				"items": [
				{
					"items": ["golden_horse_armor"]
				}
				]
			}
		},
		"7": {
			"trigger":"minecraft:inventory_changed",
			"conditions": {
				"items": [
				{
					"items": ["diamond_horse_armor"]
				}
				]
			}
		},
		"8": {
			"trigger":"minecraft:inventory_changed",
			"conditions": {
				"items": [
				{
					"items": ["leather_horse_armor"]
				}
				]
			}
		}
	},
	"requirements": [
		["1"],
		["2"],
		["3"],
		["4"],
		["5"],
		["6"],
		["7"],
		["8"]
  ],
  	"rewards": {"experience": 1000}
}