{
	"parent": "minecraft:husbandry/feed_snifflet",
	"display":{
			"icon": {
					"id": "minecraft:beetroot",
					"components": {"item_model":"siscu_se:sculk_plantoid"}
			},
			"title": {"translate": "advancements.siscu.minecraft.plant_plantoid.title"},
			"description": [{
				"translate": "advancements.siscu.minecraft.plant_plantoid.description"
				},
				{
					"text":"\nSurvivor's Elegy",
					"color": "gold",
					"italic": true
				}
		],
		"show_toast": true,
		"announce_to_chat": true,
		"hidden": false,
		"frame": "goal"
	},
    "criteria": {
        "1":{
            "trigger": "minecraft:impossible"
        }
    },
	"rewards": {
		"experience": 550
	}
}