{
	"parent": "minecraft:husbandry/root",
	"display": {
		"icon": {
			"id": "minecraft:saddle",
			"components": {
				"enchantments": {"siscu:mount_catalyst": 1}
			}
		},
		"title": {
			"translate": "advancements.siscu.minecraft.ride_mob_fancily.title"
		},
		"description": [
			{
				"translate": "advancements.siscu.minecraft.ride_mob_fancily.description"
			},
			{
				"text": "\nSurvivor's Elegy",
				"color": "gold",
				"italic": true
			}
		],
		"show_toast": true,
		"announce_to_chat": false,
		"hidden": false,
		"frame": "task"
	},
	"criteria": {
		"1": {
			"trigger": "minecraft:tick",
			"conditions": {
				"player": [
					{
						"condition": "minecraft:entity_properties",
						"entity": "this",
						"predicate": {
							"equipment": {
								"feet": {
									"predicates": {
										"enchantments": [
											{
												"enchantments": "frost_walker"
											}
										]
									}
								}
							},
							"vehicle": {
								"type": "minecraft:strider",
								"nbt": "{Tags:[\"siscu.enchanted_saddle\"]}",
								"stepping_on": {
									"block": {
										"blocks": [
											"frosted_ice"
										]
									}
								}
							}
						}
					}
				]
			}
		}
	}
}