{
  "type": "minecraft:archaeology",
  "pools": [
    {
      "bonus_rolls": 0.0,
      "entries": [
        {
          "type": "minecraft:loot_table",
          "value": "siscu:archaeology/jungle_ruins_tablets",
          "weight": 10
        },
        {
          "type": "minecraft:loot_table",
          "value": "siscu:archaeology/village_ruins_house_shards_reference",
          "weight": 20
        },
        {
          "type": "minecraft:loot_table",
          "value": "siscu:archaeology/village_ruins_house_trims_reference",
          "weight": 10
        },
        {
          "type": "minecraft:loot_table",
          "value": "siscu:archaeology/village_ruins_house_discs_reference",
          "weight": 5
        },
        {
          "type": "minecraft:loot_table",
          "value": "siscu:archaeology/jungle_ruins_tools",
          "weight": 15
        },
        {
          "type": "minecraft:loot_table",
          "value": "siscu:archaeology/jungle_ruins_materials",
          "weight": 40
        },
        {
          "type": "minecraft:item",
          "name": "minecraft:skeleton_skull",
          "weight": 5
        },
        {
          "type":"minecraft:item",
          "name":"minecraft:bone",
          "weight": 5
        }
      ],
      "rolls": 1.0
    }
  ]
}