{
    "type": "minecraft:archaeology",
    "pools": [
        {
            "bonus_rolls": 0.0,
            "rolls": 1.0,
            "entries": [
                {
                "type":"minecraft:loot_table",
                "value":"siscu:groups/tools/axes",
                "functions":[
                    {
                    "function": "minecraft:set_damage",
                    "damage": {"min":0.1,"max":0.9}
                    }
                ],
                "weight": 2
                },
                {
                "type":"minecraft:loot_table",
                "value":"siscu:groups/tools/shovels",
                "functions":[
                    {
                    "function": "minecraft:set_damage",
                    "damage": {"min":0.1,"max":0.9}
                    }
                ],
                "weight": 2
                },
                {
                "type":"minecraft:loot_table",
                "value":"siscu:groups/tools/pickaxes",
                "functions":[
                    {
                    "function": "minecraft:set_damage",
                    "damage": {"min":0.1,"max":0.9}
                    }
                ],
                "weight": 2
                },
                {
                "type":"minecraft:item",
                "name":"minecraft:brush",
                "functions":[
                    {
                    "function": "minecraft:set_damage",
                    "damage": {"min":0.1,"max":0.9}
                    }
                ],
                "weight": 1
                }
            ]
        }
    ]
}