{
    "type": "minecraft:archaeology",
    "pools": [
        {
          "bonus_rolls": 0.0,
          "rolls": 1.0,
            "entries": [
              {
                "type":"minecraft:item",
                "name":"minecraft:iron_nugget",
                "weight": 8
              },
              {
                "type":"minecraft:item",
                "name":"minecraft:gold_nugget",
                "weight": 9
              },
              {
                "type":"minecraft:item",
                "name":"minecraft:iron_ingot",
                "weight": 8
              },
              {
                "type":"minecraft:item",
                "name":"minecraft:gold_ingot",
                "weight": 9
              },
            {
              "type":"minecraft:item",
              "name":"minecraft:emerald",
              "weight": 10
            },
            {
              "type":"minecraft:item",
              "name":"minecraft:lapis_lazuli",
              "weight": 10
            }
            ]
        }
    ]
}