{
    "type": "minecraft:generic",
    "pools": [
        {
            "rolls": 1.0,
                "entries": [ 
                {
                "type": "minecraft:item",
                "name": "minecraft:wayfinder_armor_trim_smithing_template"
                },
                {
                "type": "minecraft:item",
                "name": "minecraft:raiser_armor_trim_smithing_template"
                },
                {
                "type": "minecraft:item",
                "name": "minecraft:shaper_armor_trim_smithing_template"
                },
                {
                "type": "minecraft:item",
                "name": "minecraft:host_armor_trim_smithing_template"
                }
            ]
        }
    ] 
}