{
  "type": "minecraft:chest",
  "pools": [
    {
      "rolls": {"type":"minecraft:uniform","min":3.0,"max":5.0},
      "bonus_rolls": 0.0,
      "entries": [
        {
          "type": "minecraft:item",
          "name": "minecraft:leather",
          "functions": [{
            "function": "minecraft:set_count",
            "count": {"type":"minecraft:uniform","min":1.0,"max":5.0}
          }]  
        },
        {
          "type": "minecraft:item",
          "name": "minecraft:rabbit_hide",
          "functions": [{
            "function": "minecraft:set_count",
            "count": {"type":"minecraft:uniform","min":1.0,"max":3.0}
          }]
        },
        {
          "type": "minecraft:item",
          "name": "minecraft:rotten_flesh",
          "functions": [{
            "function": "minecraft:set_count",
            "count": {"type":"minecraft:uniform","min":1.0,"max":3.0}
          }]
        },
        {
          "type": "minecraft:loot_table",
          "value": "siscu:items/food/husk_flesh",
          "functions": [{
            "function": "minecraft:set_count",
            "count": {"type":"minecraft:uniform","min":1.0,"max":3.0}
          }]
        }
      ]
    }
  ]
}