{
  "type": "minecraft:chest",
  "pools": [
    {
      "rolls": {"type":"minecraft:uniform","min":2.0,"max":4.0},
      "bonus_rolls": 0.0,
      "entries": [
        {
          "type": "minecraft:loot_table",
          "value": "siscu:groups/tools/axes",
          "weight": 5
        },
        {
          "type": "minecraft:loot_table",
          "value": "siscu:groups/tools/pickaxes",
          "weight": 5
        },
        {
          "type": "minecraft:loot_table",
          "value": "siscu:groups/tools/shovels",
          "weight": 5
        },
        {
          "type": "minecraft:loot_table",
          "value": "siscu:groups/tools/swords",
          "weight": 5
        },
        {
          "type": "item",
          "name": "shield",
          "weight": 5
        }
      ],
      "functions": [
        {
          "function": "minecraft:set_damage",
          "damage": {"type": "uniform","max": 0.7,"min": 0.01}
        }
      ]
    },
    {
      "rolls": 1.0,
      "bonus_rolls": 0.0,
      "entries": [
        {
          "type": "minecraft:item",
          "name": "minecraft:bow"
        },
        {
          "type": "minecraft:item",
          "name": "minecraft:arrow"
        }
      ]
    },
    {
      "rolls": 1.0,
      "entries": [
        {
          "type": "minecraft:item",
          "name": "minecraft:rib_armor_trim_smithing_template",
          "conditions": [
            {
              "condition": "minecraft:random_chance",
              "chance": 0.25
            }
          ]
        }
      ]
    }
  ]
}