{
  "type": "minecraft:chest",
  "pools": [
    {
      "rolls": {"type":"minecraft:uniform","min":2.0,"max":3.0},
      "bonus_rolls": 0.0,
      "entries": [
        {
          "type": "minecraft:item",
          "name": "minecraft:bone_block",
          "functions": [{
            "function": "minecraft:set_count",
            "count": {"type":"minecraft:uniform","min":1.0,"max":5.0}
          }],
          "weight": 5
        },
        {
          "type": "minecraft:item",
          "name": "minecraft:bone",
          "functions": [{
            "function": "minecraft:set_count",
            "count": {"type":"minecraft:uniform","min":1.0,"max":5.0}
          }],
          "weight": 5
        },
        {
          "type": "minecraft:item",
          "name": "minecraft:skeleton_skull"
        }
      ]
    }
  ]
}