{
  "type": "minecraft:chest",
  "pools": [
    {
      "rolls": {"type":"minecraft:uniform","min":2.0,"max":3.0},
      "bonus_rolls": 0.0,
      "entries": [
        {
          "type": "minecraft:item",
          "name": "minecraft:nether_wart",
          "functions": [{
            "function": "minecraft:set_count",
            "count": {"type":"minecraft:uniform","min":1.0,"max":5.0}
          }],
          "weight": 5
        },
        {
          "type": "minecraft:loot_table",
          "value": "siscu:items/food/warped_gall",
          "weight": 5
        },
        {
          "type": "minecraft:item",
          "name": "minecraft:saddle",
		      "weight": 1
        },
        {
          "type": "minecraft:item",
          "name": "minecraft:flint_and_steel",
		      "weight": 1
        },
        {
          "type": "minecraft:item",
          "name": "minecraft:gold_nugget",
          "functions": [{
            "function": "minecraft:set_count",
            "count": {"type":"minecraft:uniform","min":2.0,"max":4.0}
          }],
		      "weight": 5
        },
        {
          "type": "minecraft:item",
          "name": "minecraft:string",
          "functions": [{
            "function": "minecraft:set_count",
            "count": {"type":"minecraft:uniform","min":1.0,"max":4.0}
          }],
		      "weight": 5
        },
        {
          "type": "minecraft:item",
          "name": "minecraft:iron_nugget",
          "functions": [{
            "function": "minecraft:set_count",
            "count": {"type":"minecraft:uniform","min":2.0,"max":4.0}
          }],
		      "weight": 5
        },
        {
          "type": "minecraft:item",
          "name": "minecraft:quartz",
          "functions": [{
            "function": "minecraft:set_count",
            "count": {"type":"minecraft:uniform","min":2.0,"max":4.0}
          }],
		      "weight": 5
        },
        {
          "type": "minecraft:item",
          "name": "minecraft:torch",
          "functions": [{
            "function": "minecraft:set_count",
            "count": {"type":"minecraft:uniform","min":2.0,"max":4.0}
          }],
		      "weight": 5
        },
        {
          "type": "minecraft:item",
          "name": "minecraft:soul_torch",
          "functions": [{
            "function": "minecraft:set_count",
            "count": {"type":"minecraft:uniform","min":2.0,"max":4.0}
          }],
		      "weight": 5
        },
        {
          "type": "minecraft:item",
          "name": "minecraft:redstone_torch",
          "functions": [{
            "function": "minecraft:set_count",
            "count": {"type":"minecraft:uniform","min":2.0,"max":4.0}
          }],
		      "weight": 5
        },
        {
          "type": "minecraft:item",
          "name": "minecraft:diamond",
		      "weight": 1
        },
        {
          "type": "minecraft:item",
          "name": "minecraft:gold_ingot",
		      "weight": 5
        },
        {
          "type": "minecraft:item",
          "name": "minecraft:golden_chestplate",
		      "weight": 2
        },
        {
          "type": "minecraft:item",
          "name": "minecraft:golden_horse_armor",
		      "weight": 2
        },
        {
          "type": "minecraft:item",
          "name": "minecraft:iron_horse_armor",
		      "weight": 1
        }
      ]
    }
  ]
}