{
  "type": "minecraft:chest",
  "pools": [
    {
      "rolls": {"type":"minecraft:uniform","min":1.0,"max":3.0},
      "bonus_rolls": 0.0,
      "entries": [
        {
          "type": "minecraft:item",
          "name": "minecraft:nether_wart",
          "functions": [{
            "function": "minecraft:set_count",
            "count": {"type":"minecraft:uniform","min":1.0,"max":5.0}
          }],
          "weight": 1
        },
        {
          "type": "minecraft:loot_table",
          "value": "siscu:items/food/warped_gall",
          "functions": [{
            "function": "minecraft:set_count",
            "count": {"type":"minecraft:uniform","min":1.0,"max":2.0}
          }],
          "weight": 1
        },
        {
          "type": "minecraft:loot_table",
          "value": "siscu:items/food/crimson_stew",
		      "weight": 1
        },
        {
          "type": "minecraft:item",
          "name": "minecraft:warped_fungus",
          "functions": [{
            "function": "minecraft:set_count",
            "count": {"type":"minecraft:uniform","min":1.0,"max":3.0}
          }],
          "weight": 1
        },
        {
          "type": "minecraft:item",
          "name": "minecraft:bowl",
          "functions": [{
            "function": "minecraft:set_count",
            "count": {"type":"minecraft:uniform","min":1.0,"max":3.0}
          }],
          "weight": 1
        },
        {
          "type": "minecraft:item",
          "name": "minecraft:rotten_flesh",
          "functions": [{
            "function": "minecraft:set_count",
            "count": {"type":"minecraft:uniform","min":1.0,"max":3.0}
          }]
        },
        {
          "type": "minecraft:loot_table",
          "value": "siscu:items/food/husk_flesh",
          "functions": [{
            "function": "minecraft:set_count",
            "count": {"type":"minecraft:uniform","min":1.0,"max":3.0}
          }]
        },
        {
          "type": "minecraft:item",
          "name": "minecraft:red_mushroom",
          "functions": [{
            "function": "minecraft:set_count",
            "count": {"type":"minecraft:uniform","min":1.0,"max":3.0}
          }]
        },
        {
          "type": "minecraft:item",
          "name": "minecraft:brown_mushroom",
          "functions": [{
            "function": "minecraft:set_count",
            "count": {"type":"minecraft:uniform","min":1.0,"max":3.0}
          }]
        }
      ]
    }
  ]
}