{
  "type": "minecraft:chest",
  "pools": [
    {
      "rolls": {"type":"minecraft:uniform","min":1.0,"max":3.0},
      "bonus_rolls": 0.0,
      "entries": [
        {
          "type": "minecraft:item",
          "name": "minecraft:diamond",
		      "weight": 1
        },
        {
          "type": "minecraft:item",
          "name": "minecraft:saddle",
		      "weight": 1
        },
        {
          "type": "minecraft:item",
          "name": "minecraft:golden_apple",
		      "weight": 1
        },
        {
          "type": "minecraft:item",
          "name": "minecraft:diamond_horse_armor",
		      "weight": 1
        },
        {
          "type": "minecraft:item",
          "name": "minecraft:rib_armor_trim_smithing_template",
		      "weight": 1
        },
        {
          "type": "minecraft:item",
          "name": "minecraft:netherite_upgrade_smithing_template",
		      "weight": 1
        }
      ]
    }
  ]
}