{
  "type": "minecraft:chest",
  "pools": [
    {
      "rolls": 2.0,
      "bonus_rolls": 0.0,
      "entries": [
        {
          "type": "minecraft:item",
          "name": "minecraft:blaze_powder"
        },
        {
          "type": "minecraft:item",
          "name": "minecraft:nether_wart"
        }
      ]
    },
    {
      "rolls": 3.0,
      "bonus_rolls": 0.0,
      "entries": [
        {
          "type": "minecraft:item",
          "name": "minecraft:fermented_spider_eye"
        },
        {
          "type": "minecraft:item",
          "name": "minecraft:glass_bottle"
        },
        {
          "type": "minecraft:item",
          "name": "minecraft:potion",
		  "functions":[{
			  "function":"minecraft:set_components",
			  "components": {"potion_contents":{"potion":"minecraft:water"}}
		  }]
        },
        {
          "type": "minecraft:item",
          "name": "minecraft:potion",
		  "functions":[{
			  "function":"minecraft:set_components",
			  "components": {"potion_contents":{"potion":"minecraft:swiftness"}}
		  }]
        },
        {
          "type": "minecraft:item",
          "name": "minecraft:potion",
		  "functions":[{
			  "function":"minecraft:set_components",
			  "components": {"potion_contents":{"potion":"minecraft:leaping"}}
		  }]
        },
        {
          "type": "minecraft:item",
          "name": "minecraft:potion",
		  "functions":[{
			  "function":"minecraft:set_components",
			  "components": {"potion_contents":{"potion":"minecraft:healing"}}
		  }]
        },
        {
          "type": "minecraft:item",
          "name": "minecraft:potion",
		  "functions":[{
			  "function":"minecraft:set_components",
			  "components": {"potion_contents":{"potion":"minecraft:poison"}}
		  }]
        },
        {
          "type": "minecraft:item",
          "name": "minecraft:potion",
		  "functions":[{
			  "function":"minecraft:set_components",
			  "components": {"potion_contents":{"potion":"minecraft:strength"}}
		  }]
        },
        {
          "type": "minecraft:item",
          "name": "minecraft:potion",
		  "functions":[{
			  "function":"minecraft:set_components",
			  "components": {"potion_contents":{"potion":"minecraft:water_breathing"}}
		  }]
        },
        {
          "type": "minecraft:item",
          "name": "minecraft:potion",
		  "functions":[{
			  "function":"minecraft:set_components",
			  "components": {"potion_contents":{"potion":"minecraft:night_vision"}}
		  }]
        },
        {
          "type": "minecraft:item",
          "name": "minecraft:potion",
		  "functions":[{
			  "function":"minecraft:set_components",
			  "components": {"potion_contents":{"potion":"minecraft:fire_resistance"}}
		  }]
        }
      ]
    }
  ]
}