{
  "type": "minecraft:chest",
  "pools": [
    {
      "rolls": {"type":"minecraft:uniform","min":8.0,"max":10.0},
      "bonus_rolls": 0.0,
      "entries": [
        {
          "type": "minecraft:item",
          "name": "minecraft:nether_wart",
		  "functions": [{
			  "function": "minecraft:set_count",
			  "count": {"type":"minecraft:uniform","min":2.0,"max":4.0}
		  }],
		  "weight": 4
        },
        {
          "type": "minecraft:item",
          "name": "minecraft:glowstone_dust",
		  "functions": [{
			  "function": "minecraft:set_count",
			  "count": {"type":"minecraft:uniform","min":2.0,"max":4.0}
		  }],
		  "weight": 2
        },
        {
          "type": "minecraft:item",
          "name": "minecraft:redstone",
		  "functions": [{
			  "function": "minecraft:set_count",
			  "count": {"type":"minecraft:uniform","min":2.0,"max":4.0}
		  }],
		  "weight": 2
        },
        {
          "type": "minecraft:item",
          "name": "minecraft:sugar",
		  "functions": [{
			  "function": "minecraft:set_count",
			  "count": {"type":"minecraft:uniform","min":2.0,"max":4.0}
		  }],
		  "weight": 2
        },
        {
          "type": "minecraft:item",
          "name": "minecraft:spider_eye",
		  "functions": [{
			  "function": "minecraft:set_count",
			  "count": {"type":"minecraft:uniform","min":2.0,"max":4.0}
		  }],
		  "weight": 2
        },
        {
          "type": "minecraft:item",
          "name": "minecraft:glass_bottle",
		  "functions": [{
			  "function": "minecraft:set_count",
			  "count": {"type":"minecraft:uniform","min":2.0,"max":4.0}
		  }],
		  "weight": 2
        },
        {
          "type": "minecraft:item",
          "name": "minecraft:gunpowder",
		  "functions": [{
			  "function": "minecraft:set_count",
			  "count": {"type":"minecraft:uniform","min":2.0,"max":4.0}
		  }],
		  "weight": 2
        },
        {
          "type": "minecraft:item",
          "name": "minecraft:red_mushroom",
		  "functions": [{
			  "function": "minecraft:set_count",
			  "count": {"type":"minecraft:uniform","min":1.0,"max":3.0}
		  }],
		  "weight": 2
        },
        {
          "type": "minecraft:item",
          "name": "minecraft:brown_mushroom",
		  "functions": [{
			  "function": "minecraft:set_count",
			  "count": {"type":"minecraft:uniform","min":1.0,"max":3.0}
		  }],
		  "weight": 2
        },
        {
          "type": "minecraft:item",
          "name": "minecraft:golden_carrot",
		  "functions": [{
			  "function": "minecraft:set_count",
			  "count": {"type":"minecraft:uniform","min":2.0,"max":4.0}
		  }],
		  "weight": 2
        },
        {
          "type": "minecraft:item",
          "name": "minecraft:rabbit_foot",
		  "functions": [{
			  "function": "minecraft:set_count",
			  "count": {"type":"minecraft:uniform","min":1.0,"max":3.0}
		  }],
		  "weight": 1
        },
        {
          "type": "minecraft:loot_table",
          "value": "siscu:items/food/frog_leg",
		  "functions": [{
			  "function": "minecraft:set_count",
			  "count": {"type":"minecraft:uniform","min":1.0,"max":3.0}
		  }],
		  "weight": 1
        }
      ]
    }
  ]
}