{
  "type": "minecraft:chest",
  "pools": [
    {
      "rolls": {
		  "type": "minecraft:uniform",
		  "min": 3.0,
		  "max": 6.0
	  },
      "bonus_rolls": 0.0,
      "entries": [
        {
          "type": "minecraft:item",
          "name": "minecraft:string",
		  "functions": [{
			  "function": "minecraft:set_count",
			  "count": {"type":"minecraft:uniform","min":5.0,"max":10.0}
		  }],
		  "weight": 2
        },
        {
          "type": "minecraft:item",
          "name": "minecraft:spider_eye",
		  "functions": [{
			  "function": "minecraft:set_count",
			  "count": {"type":"minecraft:uniform","min":2.0,"max":4.0}
		  }],
		  "weight": 1
        }
      ]
    }
  ]
}