{
    "function": "minecraft:set_components",
    "components": {
        "minecraft:written_book_content": {
            "title": "Nose",
            "author": "Siscu",
            "generation": 0,
              "pages": [
                {"translate":"text.siscu.blank","fallback":"You seem to be missing Survivor's Elegy required resourcepack!\nDownload it from the datapack download page or ask the server owner for more details.","extra":[{"translate":"text.siscu.pamphlet1_1","font":"siscu_se:book_pages","color":"white","fallback":""},{"translate":"text.siscu.pamphlet1_2","color":"black","fallback":""}]},
                {"translate":"text.siscu.blank","fallback":"You seem to be missing Survivor's Elegy required resourcepack!\nDownload it from the datapack download page or ask the server owner for more details.","extra":[{"translate":"text.siscu.pamphlet2_1","font":"siscu_se:book_pages","color":"white","fallback":""},{"translate":"text.siscu.pamphlet2_2","color":"black","fallback":""}]},
                {"translate":"text.siscu.blank","fallback":"You seem to be missing Survivor's Elegy required resourcepack!\nDownload it from the datapack download page or ask the server owner for more details.","extra":[{"translate":"text.siscu.pamphlet3_1","font":"siscu_se:book_pages","color":"white","fallback":""},{"translate":"text.siscu.pamphlet3_2","color":"black","fallback":""}]},
                {"translate":"text.siscu.blank","fallback":"You seem to be missing Survivor's Elegy required resourcepack!\nDownload it from the datapack download page or ask the server owner for more details.","extra":[{"translate":"text.siscu.pamphlet5_1","font":"siscu_se:book_pages","color":"white","fallback":""},{"translate":"text.siscu.pamphlet5_2","color":"black","fallback":""}]},
                {"translate":"text.siscu.blank","fallback":"You seem to be missing Survivor's Elegy required resourcepack!\nDownload it from the datapack download page or ask the server owner for more details.","extra":[{"translate":"text.siscu.pamphlet4_1","color":"black","fallback":""},{"translate":"text.siscu.pamphlet4_2","font":"siscu_se:book_pages","color":"white","fallback":""}]}
              ]
        },
        "custom_data": {
            "SE_data": {
                "id": "siscu:pamphlet",
                "UpdateVersion": "v1.0.1"
            }
        }
    }
}