{
  "parent": "siscu:minecraft/nether/metamorphic_caves",
  "display": {
    "icon": {
      "id": "minecraft:bone",
      "components": {
        "item_model": "siscu_se:block/fire_spring_advancement"
      }
    },
    "title": {
      "translate": "advancements.siscu.minecraft.fire_spring.title"
    },
    "description": [
      {
        "translate": "advancements.siscu.minecraft.fire_spring.description"
      },
      {
        "text": "\nSurvivor's Elegy",
        "color": "gold",
        "italic": true
      }
    ],
    "frame": "goal",
    "show_toast": true,
    "announce_to_chat": true,
    "hidden": false
  },
  "rewards": {
    "experience": 500
  },
  "criteria": {
    "0": {
      "trigger": "minecraft:impossible"
    }
  }
}