{
  "parent": "minecraft:nether/root",
  "display": {
    "icon": {
      "id": "minecraft:blackstone"
    },
    "title": {
      "translate": "advancements.siscu.minecraft.withered_grounds.title"
    },
    "description": [
      {
        "translate": "advancements.siscu.minecraft.withered_grounds.description"
      },
      {
        "text": "\nSurvivor's Elegy",
        "color": "gold",
        "italic": true
      }
    ],
    "frame": "task",
    "show_toast": true,
    "announce_to_chat": true,
    "hidden": false
  },
  "rewards": {
    "experience": 500
  },
  "criteria": {
    "siscu:withered_grounds": {
      "trigger": "minecraft:location",
      "conditions": {
        "player": {
          "location": {
            "biomes": "siscu:withered_grounds"
          }
        }
      }
    }
  }
}