{
    "type": "minecraft:generic",
    "pools": [
        {
            "rolls":1.0,
            "entries":[
                {
                    "type":"minecraft:item",
                    "name":"iron_nugget"
                }
            ],
            "conditions": [
                {
                    "condition": "entity_properties",
                    "entity": "this",
                    "predicate": {
                        "equipment": {"head":{"items": ["bone"],"components": {"item_model":"siscu_se:villager_skull_armorer"}}}
                    }
                }
            ]
        },
        {
            "rolls":1.0,
            "entries":[
                {
                    "type":"minecraft:item",
                    "name":"rotten_flesh"
                }
            ],
            "conditions": [
                {
                    "condition": "entity_properties",
                    "entity": "this",
                    "predicate": {
                        "equipment": {"head":{"items": ["bone"],"components": {"item_model":"siscu_se:villager_skull_butcher"}}}
                    }
                }
            ]
        },
        {
            "rolls": 1.0,
            "entries": [
                {
                    "type":"minecraft:item",
                    "name":"gold_nugget"
                }
            ],
            "conditions": [
                {
                    "condition": "entity_properties",
                    "entity": "this",
                    "predicate": {
                        "equipment": {"head":{"items": ["bone"],"components": {"item_model":"siscu_se:villager_skull_cartographer"}}}
                    }
                }
            ]
        },
        {
            "rolls": 1.0,
            "entries": [{
                "type":"minecraft:item",
                "name": "redstone"
            }],
            "conditions": [
                {
                    "condition": "entity_properties",
                    "entity": "this",
                    "predicate": {
                        "equipment": {"head":{"items": ["bone"],"components": {"item_model":"siscu_se:villager_skull_cleric"}}}
                    }
                }
            ]
        },
        {
            "rolls": 1.0,
            "entries": [
                {
                    "type":"minecraft:item",
                    "name":"wheat"
                },
                {
                    "type":"minecraft:item",
                    "name":"carrot"
                },
                {
                    "type":"minecraft:item",
                    "name":"potato"
                },
                {
                    "type":"minecraft:item",
                    "name":"beetroot"
                },
                {
                    "type":"minecraft:item",
                    "name":"poisonous_potato"
                }
            ],
            "conditions": [
                {
                    "condition": "entity_properties",
                    "entity": "this",
                    "predicate": {
                        "equipment": {"head":{"items": ["bone"],"components": {"item_model":"siscu_se:villager_skull_farmer"}}}
                    }
                }
            ]
        },
        {
            "rolls":1.0,
            "entries":[
                {
                    "type":"minecraft:loot_table",
                    "value":"siscu:gameplay/fishing/fish"
                }
            ],
            "conditions": [
                {
                    "condition": "entity_properties",
                    "entity": "this",
                    "predicate": {
                        "equipment": {"head":{"items": ["bone"],"components": {"item_model":"siscu_se:villager_skull_fisherman"}}}
                    }
                }
            ]
        },
        {
            "rolls":1.0,
            "entries":[
                {
                    "type":"minecraft:item",
                    "name":"feather"
                }
            ],
            "conditions": [
                {
                    "condition": "entity_properties",
                    "entity": "this",
                    "predicate": {
                        "equipment": {"head":{"items": ["bone"],"components": {"item_model":"siscu_se:villager_skull_fletcher"}}}
                    }
                }
            ]
        },
        {
            "rolls": 1.0,
            "entries": [{
                "type":"minecraft:item",
                "name": "leather"
            },{
                "type":"minecraft:item",
                "name": "rabbit_hide"
            }],
            "conditions": [
                {
                    "condition": "entity_properties",
                    "entity": "this",
                    "predicate": {
                        "equipment": {"head":{"items": ["bone"],"components": {"item_model":"siscu_se:villager_skull_leatherworker"}}}
                    }
                }
            ]
        },
        {
            "rolls": 1.0,
            "entries": [{
                "type":"minecraft:item",
                "name": "book"
            },
            {
                "type": "minecraft:item",
                "name": "enchanted_book",
                "functions": [{"function": "enchant_with_levels","levels": 1}]
            }],
            "conditions": [
                {
                    "condition": "entity_properties",
                    "entity": "this",
                    "predicate": {
                        "equipment": {"head":{"items": ["bone"],"components": {"item_model":"siscu_se:villager_skull_librarian"}}}
                    }
                }
            ]
        },
        {
            "rolls": 1.0,
            "entries": [{
                "type":"minecraft:item",
                "name": "brick"
            }],
            "conditions": [
                {
                    "condition": "entity_properties",
                    "entity": "this",
                    "predicate": {
                        "equipment": {"head":{"items": ["bone"],"components": {"item_model":"siscu_se:villager_skull_mason"}}}
                    }
                }
            ]
        },
        {
            "rolls": 1.0,
            "entries": [{
                "type":"minecraft:item",
                "name": "white_wool"
            }],
            "conditions": [
                {
                    "condition": "entity_properties",
                    "entity": "this",
                    "predicate": {
                        "equipment": {"head":{"items": ["bone"],"components": {"item_model":"siscu_se:villager_skull_shepherd"}}}
                    }
                }
            ]
        },
        {
            "rolls":1.0,
            "entries":[
                {
                    "type":"minecraft:item",
                    "name":"iron_nugget"
                }
            ],
            "conditions": [
                {
                    "condition": "entity_properties",
                    "entity": "this",
                    "predicate": {
                        "equipment": {"head":{"items": ["bone"],"components": {"item_model":"siscu_se:villager_skull_toolsmith"}}}
                    }
                }
            ]
        },
        {
            "rolls":1.0,
            "entries":[
                {
                    "type":"minecraft:item",
                    "name":"iron_nugget"
                }
            ],
            "conditions": [
                {
                    "condition": "entity_properties",
                    "entity": "this",
                    "predicate": {
                        "equipment": {"head":{"items": ["bone"],"components": {"item_model":"siscu_se:villager_skull_weaponsmith"}}}
                    }
                }
            ]
        }
    ]
}