{
  "type": "minecraft:entity",
  "pools": [
	{
		"rolls": 1.0,
		"bonus_rolls": 0.0,
		"entries": [
			{
				"type": "minecraft:loot_table",
				"value": "minecraft:entities/zombie_villager",
				"conditions": [{
					"condition": "minecraft:entity_properties",
					"entity": "this",
					"predicate": {"type": "minecraft:zombie_villager"}
				}]
			},
			{
				"type": "minecraft:loot_table",
				"value": "siscu:entities/illager_skeleton_loot",
				"conditions": [{
					"condition": "minecraft:entity_properties",
					"entity": "this",
					"predicate": {"type": "minecraft:skeleton"}
				}]
			}
		]
	},
	{
		"rolls": 1.0,
		"bonus_rolls": 0.0,
		"entries": [
		{
			"type": "minecraft:loot_table",
			"value": "minecraft:entities/evoker"
		}
		],
		"conditions": [
		{
			"condition": "minecraft:entity_properties",
			"entity": "this",
			"predicate": {
				"nbt": "{Tags:[\"siscu.zombified_evoker\"]}"
			}
		}
		]
	},
	{
		"rolls": 1.0,
		"bonus_rolls": 0.0,
		"entries": [
		{
			"type": "minecraft:loot_table",
			"value": "minecraft:entities/illusioner"
		}
		],
		"conditions": [
		{
			"condition": "minecraft:entity_properties",
			"entity": "this",
			"predicate": {
				"nbt": "{Tags:[\"siscu.zombified_illusioner\"]}"
			}
		}
		]
	},
	{
		"rolls": 1.0,
		"bonus_rolls": 0.0,
		"entries": [
		{
			"type": "minecraft:loot_table",
			"value": "minecraft:entities/pillager"
		}
		],
		"conditions": [
		{
			"condition": "minecraft:entity_properties",
			"entity": "this",
			"predicate": {
				"nbt": "{Tags:[\"siscu.zombified_pillager\"]}"
			}
		}
		]
	},
	{
		"rolls": 1.0,
		"bonus_rolls": 0.0,
		"entries": [
		{
			"type": "minecraft:loot_table",
			"value": "minecraft:entities/vindicator"
		}
		],
		"conditions": [
		{
			"condition": "minecraft:entity_properties",
			"entity": "this",
			"predicate": {
				"nbt": "{Tags:[\"siscu.zombified_vindicator\"]}"
			}
		}
		]
	},
	{
		"rolls": 1.0,
		"bonus_rolls": 0.0,
		"entries": [
		{
			"type": "minecraft:loot_table",
			"value": "minecraft:entities/wandering_trader"
		}
		],
		"conditions": [
		{
			"condition": "minecraft:entity_properties",
			"entity": "this",
			"predicate": {
				"nbt": "{Tags:[\"siscu.zombified_wandering_trader\"]}"
			}
		}
		]
	},
	{
		"rolls": 1.0,
		"bonus_rolls": 0.0,
		"entries": [
		{
			"type": "minecraft:loot_table",
			"value": "minecraft:entities/witch"
		}
		],
		"conditions": [
		{
			"condition": "minecraft:entity_properties",
			"entity": "this",
			"predicate": {
				"nbt": "{Tags:[\"siscu.zombified_witch\"]}"
			}
		}
		]
	}
  ]
}