{
  "type": "minecraft:entity",
  "pools": [
	{
		"rolls": 1.0,
		"bonus_rolls": 0.0,
		"entries": [
		{
			"type": "minecraft:item",
			"name": "minecraft:rotten_flesh"
		}
		],
		"conditions": [
		{
			"condition": "minecraft:entity_properties",
			"entity": "this",
			"predicate": {
				"nbt": "{variant:\"siscu:zombified\"}"
			}
		}
		]
	},
	{
		"rolls": 1.0,
		"bonus_rolls": 0.0,
		"entries": [
		{
			"type": "minecraft:item",
			"name": "minecraft:bone"
		}
		],
		"conditions": [
		{
			"condition": "minecraft:entity_properties",
			"entity": "this",
			"predicate": {
				"nbt": "{variant:\"siscu:skeleton\"}"
			}
		}
		]
	},
	{
		"rolls": 1.0,
		"bonus_rolls": 0.0,
		"entries": [
		{
			"type": "minecraft:loot_table",
			"value": "siscu:items/ingredients/withered_bone"
		}
		],
		"conditions": [
		{
			"condition": "minecraft:entity_properties",
			"entity": "this",
			"predicate": {
				"nbt": "{variant:\"siscu:withered_skeleton\"}"
			}
		}
		]
	},
	{ "rolls": 1, "entries": [ { "type": "loot_table", "value": "minecraft:entities/cat" } ],
	"conditions": [{"condition": "entity_properties","entity": "this","predicate": {"type": "cat"}}] },
	{ "rolls": 1, "entries": [ { "type": "loot_table", "value": "minecraft:entities/frog" } ],
	"conditions": [{"condition": "entity_properties","entity": "this","predicate": {"type": "frog"}}] },
	{ "rolls": 1, "entries": [ { "type": "loot_table", "value": "minecraft:entities/wolf" } ],
	"conditions": [{"condition": "entity_properties","entity": "this","predicate": {"type": "wolf"}}] }
  ]
}