{
  "type": "minecraft:entity",
  "pools": [
	{
		"rolls": 1.0,
		"bonus_rolls": 0.0,
		"entries": [
		{
			"type": "minecraft:loot_table",
			"value": "minecraft:entities/zombie",
			"conditions": [{
				"condition": "minecraft:entity_properties",
				"entity": "this",
				"predicate": {"type": "minecraft:zombie"}
			}]
		},
		{
			"type": "minecraft:loot_table",
			"value": "minecraft:entities/drowned",
			"conditions": [{
				"condition": "minecraft:entity_properties",
				"entity": "this",
				"predicate": {"type": "minecraft:drowned"}
			}]
		},
		{
			"type": "minecraft:loot_table",
			"value": "minecraft:entities/husk",
			"conditions": [{
				"condition": "minecraft:entity_properties",
				"entity": "this",
				"predicate": {"type": "minecraft:husk"}
			}]
		},
		{
			"type": "minecraft:loot_table",
			"value": "minecraft:entities/skeleton",
			"conditions": [{
				"condition": "minecraft:entity_properties",
				"entity": "this",
				"predicate": {"type": "minecraft:skeleton"}
			}]
		},
		{
			"type": "minecraft:loot_table",
			"value": "minecraft:entities/wither_skeleton",
			"conditions": [{
				"condition": "minecraft:entity_properties",
				"entity": "this",
				"predicate": {"type": "minecraft:wither_skeleton"}
			}]
		},
		{
			"type": "minecraft:loot_table",
			"value": "minecraft:entities/stray",
			"conditions": [{
				"condition": "minecraft:entity_properties",
				"entity": "this",
				"predicate": {"type": "minecraft:stray"}
			}]
		},
		{
			"type": "minecraft:loot_table",
			"value": "minecraft:entities/bogged",
			"conditions": [{
				"condition": "minecraft:entity_properties",
				"entity": "this",
				"predicate": {"type": "minecraft:bogged"}
			}]
		}
		]
	},
	{
		"rolls": 1.0,
		"bonus_rolls": 0.0,
		"entries": [
		{
			"type": "minecraft:loot_table",
			"value": "siscu:items/combat/phage_arrow"
		}
		],
		"conditions": [
		{
			"condition": "minecraft:entity_properties",
			"entity": "this",
			"predicate": {
				"nbt": "{Tags:[\"siscu.infected_zombie\"]}"
			}
		}
		]
	},
	{
		"rolls": 1.0,
		"bonus_rolls": 0.0,
		"entries": [
		{
			"type": "minecraft:item",
			"name": "minecraft:amethyst_shard"
		}
		],
		"conditions": [
		{
			"condition": "minecraft:entity_properties",
			"entity": "this",
			"predicate": {
				"nbt": "{Tags:[\"siscu.amethyst_zombie\"]}"
			}
		}
		]
	},
	{
		"rolls": 1.0,
		"bonus_rolls": 0.0,
		"entries": [
		{
			"type": "minecraft:item",
			"name": "minecraft:big_dripleaf"
		},
		{
			"type": "minecraft:item",
			"name": "minecraft:small_dripleaf"
		}
		],
		"conditions": [
		{
			"condition": "minecraft:entity_properties",
			"entity": "this",
			"predicate": {
				"nbt": "{Tags:[\"siscu.lush_zombie\"]}"
			}
		}
		]
	},
	{
		"rolls": 1.0,
		"bonus_rolls": 0.0,
		"entries": [
			{
				"type": "minecraft:item",
				"name": "minecraft:tipped_arrow",
				"functions": [
					{
					"function": "minecraft:set_count",
					"add": false,
					"count": {
						"type": "minecraft:uniform",
						"max": 1.0,
						"min": 0.0
					}
					},
					{
					"count": {
						"type": "minecraft:uniform",
						"max": 1.0,
						"min": 0.0
					},
					"function": "enchanted_count_increase",
              "enchantment": "minecraft:looting",
					"limit": 1
					},
					{
					"function": "minecraft:set_potion",
					"id": "minecraft:slowness"
					}
				]
			}
		],
		"conditions": [
		{
			"condition": "minecraft:entity_properties",
			"entity": "this",
			"predicate": {
				"nbt": "{Tags:[\"siscu.stray_zombie\"]}",
				"equipment": {
					"mainhand": {
						"items": ["minecraft:bow"]
					}
				}
			}
		},
		{
			"condition": "minecraft:inverted",
			"term": {
				"condition": "minecraft:entity_properties",
				"entity": "this",
				"predicate": {
					"type": "minecraft:stray"
				}
			}
		}
		]
	},
	{
		"rolls": 1.0,
		"bonus_rolls": 0.0,
		"entries": [
			{
				"type": "minecraft:loot_table",
				"value": "siscu:items/combat/stray_chestplate"
			}
		],
		"conditions": [
		{
			"condition": "minecraft:entity_properties",
			"entity": "this",
			"predicate": {
				"nbt": "{Tags:[\"siscu.stray_zombie\"]}",
				"flags": {
					"is_baby": false
				}
			}
		},
		{
			"condition": "minecraft:random_chance",
			"chance": 0.085		
		},
		{
			"condition": "minecraft:inverted",
			"term": {
				"condition": "minecraft:entity_properties",
				"entity": "this",
				"predicate": {
					"type": "minecraft:stray"
				}
			}
		}
		]
	},
	{
		"rolls": 1.0,
		"bonus_rolls": 0.0,
		"entries": [
			{
				"type": "minecraft:loot_table",
				"value": "siscu:items/combat/elegant_hat"
			}
		],
		"conditions": [
		{
			"condition": "minecraft:entity_properties",
			"entity": "this",
			"predicate": {
				"equipment": {
					"head": {
						"predicates":{"custom_data":{"SE_data":{"IsSuit":1,"Elegant":1}}}
					}
				}
			}
		},
		{
			"condition": "minecraft:random_chance",
			"chance": 0.08
		}
		]
	},
	{
		"rolls": 1.0,
		"bonus_rolls": 0.0,
		"entries": [
			{
				"type": "minecraft:loot_table",
				"value": "siscu:items/combat/elegant_suit"
			}
		],
		"conditions": [
		{
			"condition": "minecraft:entity_properties",
			"entity": "this",
			"predicate": {
				"equipment": {
					"chest": {
						"predicates":{"custom_data":{"SE_data":{"IsSuit":1,"Elegant":1}}}
					}
				}
			}
		},
		{
			"condition": "minecraft:random_chance",
			"chance": 0.08
		}
		]
	},
	{
		"rolls": 1.0,
		"bonus_rolls": 0.0,
		"entries": [
			{
				"type": "minecraft:loot_table",
				"value": "siscu:items/combat/elegant_trousers"
			}
		],
		"conditions": [
		{
			"condition": "minecraft:entity_properties",
			"entity": "this",
			"predicate": {
				"equipment": {
					"legs": {
						"predicates":{"custom_data":{"SE_data":{"IsSuit":1,"Elegant":1}}}
					}
				}
			}
		},
		{
			"condition": "minecraft:random_chance",
			"chance": 0.08
		}
		]
	},
	{
		"rolls": 1.0,
		"bonus_rolls": 0.0,
		"entries": [
			{
				"type": "minecraft:loot_table",
				"value": "siscu:items/combat/brown_hat"
			}
		],
		"conditions": [
		{
			"condition": "minecraft:entity_properties",
			"entity": "this",
			"predicate": {
				"equipment": {
					"head": {
						"predicates":{"custom_data":{"SE_data":{"IsSuit":1,"Elegant":0}}}
					}
				}
			}
		},
		{
			"condition": "minecraft:random_chance",
			"chance": 0.08
		}
		]
	},
	{
		"rolls": 1.0,
		"bonus_rolls": 0.0,
		"entries": [
			{
				"type": "minecraft:loot_table",
				"value": "siscu:items/combat/brown_suit"
			}
		],
		"conditions": [
		{
			"condition": "minecraft:entity_properties",
			"entity": "this",
			"predicate": {
				"equipment": {
					"chest": {
						"predicates":{"custom_data":{"SE_data":{"IsSuit":1,"Elegant":0}}}
					}
				}
			}
		},
		{
			"condition": "minecraft:random_chance",
			"chance": 0.08
		}
		]
	},
	{
		"rolls": 1.0,
		"bonus_rolls": 0.0,
		"entries": [
			{
				"type": "minecraft:loot_table",
				"value": "siscu:items/combat/brown_trousers"
			}
		],
		"conditions": [
		{
			"condition": "minecraft:entity_properties",
			"entity": "this",
			"predicate": {
				"equipment": {
					"legs": {
						"predicates":{"custom_data":{"SE_data":{"IsSuit":1,"Elegant":0}}}
					}
				}
			}
		},
		{
			"condition": "minecraft:random_chance",
			"chance": 0.08
		}
		]
	},
	{
		"rolls": 1.0,
		"bonus_rolls": 0.0,
		"entries": [
			{
				"type": "loot_table",
				"value": "minecraft:shearing/bogged"
			}
		],
		"conditions": [
			{
				"condition": "minecraft:entity_properties",
				"entity": "this",
				"predicate": {
					"nbt": "{Tags:[\"siscu.bogged_zombie\"]}",
					"flags": {
						"is_baby": false
					}
				}
			}
		]
	}
  ]
}