{ "pools": [ { "rolls": 1, "entries": [ { "type": "item", "name": "wooden_sword", "functions": [ { "function": "minecraft:set_components", "components": { "minecraft:damage": 0, "minecraft:item_name": { "translate": "item.siscu.battle_staff" }, "item_model": "siscu_se:battle_staff", "minecraft:custom_data": { "SE_data": { "id": "siscu:battle_staff", "CustomWeapon": 1, "UpdateVersion": "v1.0.1" } }, "max_damage": 100, "minecraft:attribute_modifiers": [ { "type": "minecraft:attack_damage", "id": "bc7033ad-807d-40c8-a04b-6baa60b8c7f9", "amount": 2, "operation": "add_value", "slot": "mainhand" }, { "type": "minecraft:attack_speed", "id": "a362d1fb-9f56-43ea-8af8-03038a64a1ed", "amount": -2.25, "operation": "add_value", "slot": "mainhand" }, { "type": "minecraft:entity_interaction_range", "id": "ab8f3744-3bd2-43bb-b652-a21718c69ba2", "amount": 0.5, "operation": "add_value", "slot": "mainhand" }, { "type": "minecraft:block_interaction_range", "id": "36a2d5df-3564-40cb-b844-52e9ed9637f6", "amount": 0.5, "operation": "add_value", "slot": "mainhand" } ] } }, { "function": "minecraft:set_lore", "entity": "this", "mode": "replace_all", "lore": [ { "text": "" }, { "text": "When in Main Hand:", "italic": false, "color": "gray" }, { "text": " 3 Attack Damage", "italic": false, "color": "dark_green" }, { "text": " 1.75 Attack Speed", "italic": false, "color": "dark_green" }, { "text": "+0.5 Block Reach", "italic": false, "color": "blue" } ] } ] } ] } ] }