{
    "pools": [
        {
            "rolls": 1,
            "entries": [
                {
                    "type": "loot_table",
                    "value": "siscu:items/combat/elegant_hat",
                    "functions": [
                        {
                            "function": "minecraft:set_components",
                            "components": {
                                "minecraft:dyed_color": 4342338
                            }
                        }
                    ]
                }
            ]
        }
    ]
}