{
    "pools": [
        {
            "rolls": 1,
            "entries": [
                {
                    "type": "item",
                    "name": "copper_chestplate",
                    "functions": [
                        {
                            "function": "minecraft:set_components",
                            "components": {
                                "damage": 0,
                                "max_stack_size": 1,
                                "item_name": {
                                    "translate": "item.siscu.copper_chestplate"
                                },
                                "lore": [
                                    {
                                        "text": "Charge: 0",
                                        "color": "yellow",
                                        "italic": false
                                    }
                                ],
                                "item_model": "siscu_se:copper_chestplate",
                                "custom_data": {
                                    "SE_data": {
                                        "Charge": 0,
                                        "Oxidation": 0
                                    }
                                },
                                "equippable": {
                                    "slot": "chest",
                                    "asset_id": "siscu_se:copper",
                                    "equip_sound": "item.armor.equip_copper"
                                }
                            }
                        }
                    ]
                }
            ]
        }
    ]
}