{
    "pools": [
        {
            "rolls": 1,
            "entries": [
                {
                    "type": "item",
                    "name": "copper_sword",
                    "functions": [
                        {
                            "function": "minecraft:set_components",
                            "components": {
                                "minecraft:damage": 0,
                                "minecraft:item_name": {"translate":"item.siscu.copper_sword"},
                                "item_model": "siscu_se:copper_sword",
                                "minecraft:custom_data": {
                                    "SE_data": {
                                        "Charge": 0,
                                        "Oxidation": 0
                                    }
                                }
                            }
                        }
                    ]
                }
            ]
        }
    ]
}