{
  "pools": [
    {
      "rolls": 1,
      "entries": [
        {
          "type": "item",
          "name": "copper_horse_armor",
          "functions": [
            {
              "function": "set_components",
              "components": {
                "minecraft:item_name": {
                  "translate": "item.siscu.copper_horse_armor"
                },
                "item_model": "siscu_se:copper_horse_armor",
                "minecraft:custom_data": {
                  "SE_data": {
                    "Charge": 0,
                    "Oxidation": 0
                  }
                }
              }
            }
          ]
        }
      ]
    }
  ]
}