{
    "pools": [
        {
            "rolls": 1,
            "entries": [
                {
                    "type": "item",
                    "name": "leather_leggings",
                    "functions": [
                        {
                            "function": "minecraft:set_components",
                            "components": {
                                "minecraft:damage": 0,
                                "minecraft:item_name": {"translate":"item.siscu.elegant_pants"},
                                "minecraft:item_model": "siscu_se:elegant_pants",
                                "minecraft:custom_data": {
                                    "SE_data": {
                                        "id": "siscu:elegant_trousers",
                                        "UpdateVersion": "v1.0.1"
                                    }
                                },
                                "equippable": {
                                    "slot": "legs",
                                    "damage_on_hurt": false,
                                    "asset_id": "siscu_se:suit"
                                },
                                "max_damage": 200
                            }
                        },
                        {
                            "function": "minecraft:set_attributes",
                            "modifiers": [
                                {
                                    "attribute": "minecraft:armor",
                                    "id": "b6aecd23-cf34-4e2f-9401-738bcca73279",
                                    "amount": 1,
                                    "operation": "add_value",
                                    "slot": "legs"
                                }
                            ]
                        }
                    ]
                }
            ]
        }
    ]
}