{
    "pools": [
        {
            "rolls": 1,
            "entries": [
                {
                    "type": "loot_table",
                    "value": "siscu:items/combat/copper_boots",
                    "functions": [
                        {
                            "function": "minecraft:set_components",
                            "components": {
                                "minecraft:item_name": {"translate":"item.siscu.exposed_copper_boots"},
                                "minecraft:custom_model_data": {"floats": [1]},
                                "equippable": {
                                    "slot": "feet",
                                    "asset_id": "siscu_se:exposed_copper",
                                    "equip_sound": "item.armor.equip_copper"
                                }
                            }
                        },
                        {
                            "function": "set_custom_data",
                            "tag": {
                                "SE_data": {
                                    "Oxidation": 1
                                }
                            }
                        }
                    ]
                }
            ]
        }
    ]
}