{
    "pools": [
        {
            "rolls": 1,
            "entries": [
                {
                    "type": "loot_table",
                    "value": "siscu:items/combat/copper_sword",
                    "functions": [
                        {
                            "function": "minecraft:set_components",
                            "components": {
                                "minecraft:item_name": {"translate":"item.siscu.exposed_copper_sword"},
                                "minecraft:custom_model_data": {"floats": [1]}
                            }
                        },
                        {
                            "function": "set_custom_data",
                            "tag": {
                                "SE_data": {
                                    "Oxidation": 1
                                }
                            }
                        }
                    ]
                }
            ]
        }
    ]
}