{
	"pools": [
	{
		"rolls": 1,
		"entries": [
		{
			"type": "minecraft:item",
			"name": "minecraft:shield",
			"functions": [
				{
					"function":"set_components",
					"components": {
						"minecraft:item_name": {"text":"CrimShield","font":"siscu_se:piglinalt"},
						"minecraft:lore": [
						  {"text":"Held by Piglins","color":"gray","italic":false}
						],
						"item_model": "siscu_se:crimson_shield_1",
						"custom_data": {
							"SE_data": {
								"id": "siscu:crimson_shield",
								"CustomShield": 1,
								"UpdateVersion": "alpha v0.9.0"
							}
						}
					}
				}
			]
		}
		]
	}
	]
}