{
	"pools": [
	{
		"rolls": 1,
		"entries": [
		{
			"type": "minecraft:item",
			"name": "minecraft:shield",
			"functions": [
			{
				"function":"set_components",
				"components": {
					"minecraft:item_name": {"translate":"item.siscu.piglin_shield","font":"siscu_se:piglinalt"},
					"minecraft:lore": [
				  	{"text":"Held by Piglins","color":"gray","italic":false}
					],
					"item_model": "siscu_se:brute_shield",
					"custom_data": {
						"SE_data": {
							"id": "siscu:brute_shield",
							"CustomShield": 1,
							"UpdateVersion": "v1.0.1"
						}
					},
					"max_damage": 400
				}
			}
			]
		}
		]
	}
	]
}