{
  "pools": [
    {
      "rolls": 1,
      "entries": [
        {
          "type": "minecraft:item",
          "name": "minecraft:golden_helmet",
		      "weight":30
        },
        {
          "type": "minecraft:item",
          "name": "minecraft:chainmail_helmet",
		      "weight":5
        },
        {
          "type": "minecraft:item",
          "name": "minecraft:netherite_helmet",
          "weight":1
        },
        {
          "type": "minecraft:loot_table",
          "value": "siscu:items/functional/hoglin_head",
          "weight":10
        },
        {
          "type": "minecraft:item",
          "name": "minecraft:raw_gold",
          "weight": 10,
          "functions": [{
            "function": "set_components",
            "components": {"item_model":"siscu_se:piglin/brute_helmet_1"}
            }]
        },
        {
          "type": "minecraft:item",
          "name": "minecraft:raw_gold",
          "weight": 10,
          "functions": [{
            "function": "set_components",
            "components": {"item_model":"siscu_se:piglin/brute_helmet_1"}
            }]
        }
	],
	"conditions": [
	{
		"condition": "minecraft:random_chance",
		"chance": 0.75
	}
	]
    }
  ]
}