{
	"criteria": {
		"0": {
			"trigger": "minecraft:tick",
			"conditions": {
				"player": [
					{
						"condition": "minecraft:weather_check",
						"thundering": true
					},
					{
						"condition": "minecraft:entity_properties",
						"entity": "this",
						"predicate": {
							"flags": {
								"is_flying": true
							}
						}
					},
					{
						"condition": "minecraft:reference",
						"name": "siscu:entities/is_wearing_netherite"
					},
					{
						"condition": "location_check",
						"predicate": {
							"position": {
								"y": {"min":64,"max":191}
							}
						}
					}
				]
			}
		}
	},
	"rewards": {
		"function": "siscu:entities/player/elytra_shootdown/flying_netherite_chance"
	}
}