{
	"criteria": {
		"0": {
			"trigger": "minecraft:tick",
			"conditions": {
				"player": [
					{
						"condition": "all_of",
						"terms": [
							{
								"condition": "minecraft:entity_properties",
								"entity": "this",
								"predicate": {
									"type_specific": {
										"type": "player",
										"looking_at": {
											"distance": {
												"absolute": {
													"max": 10
												}
											},
											"nbt": "{Age:0}"
										}
									}
								}
							},
							{
								"condition": "any_of",
								"terms": [
									{
										"condition": "minecraft:entity_properties",
										"entity": "this",
										"predicate": {
											"type_specific": {
												"type": "player",
												"looking_at": {
													"distance": {
														"absolute": {
															"max": 10
														}
													},
													"nbt": "{\"variant\":\"minecraft:zombified\"}"
												}
											}
										}
									},
									{
										"condition": "minecraft:entity_properties",
										"entity": "this",
										"predicate": {
											"type_specific": {
												"type": "player",
												"looking_at": {
													"distance": {
														"absolute": {
															"max": 10
														}
													},
													"nbt": "{\"variant\":\"minecraft:skeleton\"}"
												}
											}
										}
									},
									{
										"condition": "minecraft:entity_properties",
										"entity": "this",
										"predicate": {
											"type_specific": {
												"type": "player",
												"looking_at": {
													"distance": {
														"absolute": {
															"max": 10
														}
													},
													"nbt": "{\"variant\":\"minecraft:withered_skeleton\"}"
												}
											}
										}
									}
								]
							}
						]
					}
				]
			}
		}
	},
	"rewards": {
		"function": "siscu:entities/wolf/undead_age/advancement"
	}
}