{
	"criteria": {
		"0": {
			"trigger":"minecraft:tick",
			"conditions": {
				"player": [
				{
					"condition": "minecraft:entity_properties",
					"entity": "this",
					"predicate": {
						"type_specific": {
							"type": "player",
							"looking_at": {
								"distance": {"absolute": {"min":1,"max":10}},
								"type": "minecraft:villager",
								"nbt": "{VillagerData:{profession:\"minecraft:armorer\", level: 5}}"
							}
						}
					}
				},
				{
					"condition": "minecraft:inverted",
					"term": {
						"condition": "minecraft:entity_properties",
						"entity": "this",
						"predicate": {
							"type_specific": {
								"type": "player",
								"looking_at": {
									"distance": {"absolute": {"min":1,"max":10}},
									"nbt": "{Tags:[\"armorer_lvl5\"]}"
								}
							}
						}
					}
				}
			]
			}
		}
	},
	"rewards": {
		"function": "siscu:entities/villager/armorer_tier5_detect"
	}
}