{
	"criteria": {
		"0": {
			"trigger": "minecraft:tick",
			"conditions": {
				"player": [
					{
						"condition": "minecraft:reference",
						"name": "siscu:items/ominous_banner"
					},
					{
						"condition": "minecraft:entity_properties",
						"entity": "this",
						"predicate": {
							"type_specific": {
								"type": "player",
								"looking_at": {
									"distance": {
										"absolute": {
											"min": 1,
											"max": 4
										}
									},
									"type": "minecraft:wandering_trader"
								}
							}
						}
					},
					{
						"condition": "minecraft:inverted",
						"term": {
							"condition": "all_of",
							"terms": [
								{
									"condition": "minecraft:entity_properties",
									"entity": "this",
									"predicate": {
										"type_specific": {
											"type": "player",
											"looking_at": {
												"distance": {
													"absolute": {
														"min": 1,
														"max": 4
													}
												},
												"type": "minecraft:wandering_trader",
												"nbt": "{Tags:[\"siscu.black_market\"]}"
											}
										}
									}
								},
								{
									"condition": "minecraft:entity_properties",
									"entity": "this",
									"predicate": {
										"type_specific": {
											"type": "player",
											"looking_at": {
												"distance": {
													"absolute": {
														"min": 1,
														"max": 4
													}
												},
												"nbt": "{Tags:[\"smithed.entity\"]}"
											}
										}
									}
								}
							]
						}
					}
				]
			}
		}
	},
	"rewards": {
		"function": "siscu:entities/wandering_trader/black_market"
	}
}