{
  "feature": "minecraft:ore_infested",
  "placement": [
    {
      "count": 10,
      "type": "minecraft:count"
    },
    {
      "type": "minecraft:in_square"
    },
    {
      "height": {
        "min_inclusive": {
          "absolute": 0
        },
        "max_inclusive": {
          "below_top": 0
        },
        "type": "minecraft:uniform"
      },
      "type": "minecraft:height_range"
    },
    {
      "type": "minecraft:biome"
    },
    {
      "type": "rarity_filter",
      "chance": 10
    }
  ]
}