{
	"type": "minecraft:jigsaw",
	"biomes": "#minecraft:has_structure/mineshaft_mesa",
	"max_distance_from_center": 128,
	"size": 7,
	"spawn_overrides": {
		"monster": {
			"bounding_box": "full",
			"spawns": [
				{
					"type": "minecraft:cave_spider",
					"maxCount": 4,
					"minCount": 4,
					"weight": 500
				},
				{
					"type": "minecraft:spider",
					"maxCount": 4,
					"minCount": 4,
					"weight": 100
				},
				{
					"type": "minecraft:zombie",
					"maxCount": 4,
					"minCount": 4,
					"weight": 95
				},
				{
					"type": "minecraft:zombie_villager",
					"maxCount": 1,
					"minCount": 1,
					"weight": 5
				},
				{
					"type": "minecraft:skeleton",
					"maxCount": 4,
					"minCount": 4,
					"weight": 100
				},
				{
					"type": "minecraft:creeper",
					"maxCount": 4,
					"minCount": 4,
					"weight": 100
				},
				{
					"type": "minecraft:slime",
					"maxCount": 4,
					"minCount": 4,
					"weight": 100
				},
				{
					"type": "minecraft:enderman",
					"maxCount": 4,
					"minCount": 1,
					"weight": 10
				},
				{
					"type": "minecraft:witch",
					"maxCount": 1,
					"minCount": 1,
					"weight": 5
				},
				{
					"type": "minecraft:drowned",
					"maxCount": 4,
					"minCount": 4,
					"weight": 95
				}
			]
		}
	},
	"project_start_to_heightmap": "OCEAN_FLOOR_WG",
	"start_height": {
		"absolute": -12
	},
	"start_pool": "siscu:mineshafts/mesa/hall",
	"step": "underground_structures",
	"terrain_adaptation": "none",
	"use_expansion_hack": false
}