{
  "pools": [
    {
      "rolls": 1,
      "entries": [
        {
          "type": "minecraft:item",
          "name": "minecraft:diamond",
		  "weight":5,
		  "functions": [
		  {
			  "function": "minecraft:limit_count",
			  "limit": {"min": 2, "max": 4}
		  }
		  ]
        },
        {
          "type": "minecraft:item",
          "name": "minecraft:gold_block",
		  "weight":5,
		  "functions": [
		  {
			  "function": "minecraft:limit_count",
			  "limit": {"min": 2, "max": 4}
		  }
		  ]
        },
        {
          "type": "minecraft:item",
          "name": "minecraft:lapis_lazuli",
		  "weight":5,
		  "functions": [
		  {
			  "function": "minecraft:limit_count",
			  "limit": {"min": 10, "max": 20}
		  }
		  ]
        },
        {
          "type": "minecraft:item",
          "name": "minecraft:golden_apple",
		  "weight":5,
		  "functions": [
		  {
			  "function": "minecraft:limit_count",
			  "limit": {"min": 1, "max": 4}
		  }
		  ]
        },
        {
          "type": "minecraft:item",
          "name": "minecraft:enchanted_golden_apple",
		  "weight":1
        }
		]
	},
	{
		"rolls": 1,
		"entries": [
        {
          "type": "minecraft:item",
          "name": "minecraft:name_tag",
		  "weight":1
        },
        {
          "type": "minecraft:item",
          "name": "minecraft:saddle",
		  "weight":1
        },
        {
          "type": "minecraft:item",
          "name": "minecraft:nautilus_shell",
		  "weight":1,
		  "functions": [
		  {
			  "function": "minecraft:limit_count",
			  "limit": {"min": 2, "max": 3}
		  }
		  ]
        },
        {
          "type": "minecraft:item",
          "name": "minecraft:diamond_horse_armor",
		  "weight":1
        },
        {
          "type": "minecraft:item",
          "name": "minecraft:golden_carrot",
		  "weight":1,
		  "functions": [
		  {
			  "function": "minecraft:limit_count",
			  "limit": {"min": 3, "max": 6}
		  }
		  ]
        }
      ]
    }
  ]
}