{
    "pools": [{
        "rolls": {
            "max": {"type": "score","target": {"type": "fixed","name": "random_max"}, "score": "siscu.volatile"},
            "min": {"type": "score","target": {"type": "fixed","name": "random_min"}, "score": "siscu.volatile"}
        },
        "entries": [
            {
                "type": "minecraft:item",
                "name": "minecraft:stone",
                "functions": [
                    {
                        "function": "minecraft:set_count",
                        "count": 0
                    }
                ]
            }
        ]
    }]
}