{
  "type": "minecraft:chest",
  "pools": [
    {
      "rolls": {"type":"minecraft:uniform","min":4.0,"max":6.0},
      "bonus_rolls": 0.0,
      "entries": [
        {
          "type": "minecraft:item",
          "name": "minecraft:gold_nugget",
          "functions": [{
            "function": "minecraft:set_count",
            "count": {"type":"minecraft:uniform","min":2.0,"max":4.0}
          }]
        },
      {
        "type": "minecraft:item",
        "name": "minecraft:gold_ingot",
    "functions": [{
      "function": "minecraft:set_count",
      "count": {"type":"minecraft:uniform","min":2.0,"max":4.0}
    }],
		  "weight": 1
        },
        {
          "type": "minecraft:item",
          "name": "minecraft:raw_gold_block",
		  "functions": [{
			  "function": "minecraft:set_count",
			  "count": {"type":"minecraft:uniform","min":2.0,"max":4.0}
		  }],
		  "weight": 1
        },
        {
          "type": "minecraft:item",
          "name": "minecraft:gold_block",
		  "functions": [{
			  "function": "minecraft:set_count",
			  "count": {"type":"minecraft:uniform","min":2.0,"max":4.0}
		  }],
		  "weight": 1
        },
        {
          "type": "minecraft:item",
          "name": "minecraft:iron_nugget",
          "functions": [{
            "function": "minecraft:set_count",
            "count": {"type":"minecraft:uniform","min":2.0,"max":4.0}
          }]
        },
        {
          "type": "minecraft:item",
          "name": "minecraft:iron_ingot",
		  "functions": [{
			  "function": "minecraft:set_count",
			  "count": {"type":"minecraft:uniform","min":2.0,"max":4.0}
		  }],
		  "weight": 1
        },
        {
          "type": "minecraft:item",
          "name": "minecraft:raw_iron_block",
		  "functions": [{
			  "function": "minecraft:set_count",
			  "count": {"type":"minecraft:uniform","min":2.0,"max":4.0}
		  }],
		  "weight": 1
        },
        {
          "type": "minecraft:item",
          "name": "minecraft:iron_block",
		  "functions": [{
			  "function": "minecraft:set_count",
			  "count": {"type":"minecraft:uniform","min":2.0,"max":4.0}
		  }],
		  "weight": 1
        },
        {
          "type": "minecraft:loot_table",
          "value": "siscu:entities/piglin/brute/weapons",
    		  "weight": 1
        },
        {
          "type": "minecraft:item",
          "name": "minecraft:gilded_blackstone",
    		  "weight": 1
        },
        {
          "type": "minecraft:item",
          "name": "minecraft:nether_gold_ore",
    		  "weight": 1
        }
      ]
    },
    {
      "rolls": 1.0,
      "entries": [
        {
          "type": "minecraft:item",
          "name": "netherite_upgrade_smithing_template"
        }
      ],
      "conditions": [
        {
          "condition": "random_chance",
          "chance": 0.3
        }
      ]
    }
  ]
}