{
  "type": "minecraft:chest",
  "pools": [
    {
      "rolls": {"type":"minecraft:uniform","min":2.0,"max":6.0},
      "bonus_rolls": 0.0,
      "entries": [
        {
          "type": "minecraft:item",
          "name": "minecraft:crimson_fungus",
		      "functions": [{
            "function": "minecraft:set_count",
            "count": {"type":"minecraft:uniform","min":2.0,"max":4.0}
          }],
		      "weight": 4
        },
        {
          "type": "minecraft:item",
          "name": "minecraft:crimson_nylium",
		      "functions": [{
            "function": "minecraft:set_count",
            "count": {"type":"minecraft:uniform","min":2.0,"max":4.0}
          }],
		      "weight": 1
        },
        {
          "type": "minecraft:item",
          "name": "minecraft:crimson_roots",
		      "functions": [{
            "function": "minecraft:set_count",
            "count": {"type":"minecraft:uniform","min":2.0,"max":4.0}
          }],
		      "weight": 2
        },
        {
          "type": "minecraft:item",
          "name": "minecraft:weeping_vines",
		      "functions": [{
            "function": "minecraft:set_count",
            "count": {"type":"minecraft:uniform","min":2.0,"max":4.0}
          }],
		      "weight": 2
        }
      ]
    }
  ]
}