{
  "type": "minecraft:chest",
  "pools": [
    {
      "rolls": {"type":"minecraft:uniform","min":3.0,"max":6.0},
      "bonus_rolls": 0.0,
      "entries": [
        {
          "type": "minecraft:item",
          "name": "minecraft:nether_wart",
		  "functions": [{
			  "function": "minecraft:set_count",
			  "count": {"type":"minecraft:uniform","min":2.0,"max":4.0}
		  }],
		  "weight": 1
        },
        {
          "type": "minecraft:item",
          "name": "minecraft:nether_wart_block",
		  "functions": [{
			  "function": "minecraft:set_count",
			  "count": {"type":"minecraft:uniform","min":2.0,"max":4.0}
		  }],
		  "weight": 1
        },
        {
          "type": "minecraft:item",
          "name": "minecraft:warped_wart_block",
		  "functions": [{
			  "function": "minecraft:set_count",
			  "count": {"type":"minecraft:uniform","min":2.0,"max":4.0}
		  }],
		  "weight": 1
        },
        {
          "type": "minecraft:loot_table",
          "value": "siscu:items/food/warped_gall",
		  "functions": [{
			  "function": "minecraft:set_count",
			  "count": {"type":"minecraft:uniform","min":2.0,"max":4.0}
		  }],
		  "weight": 1
        },
        {
          "type": "minecraft:loot_table",
          "value": "siscu:items/food/crimson_stew",
		  "weight": 1
        },
        {
          "type": "minecraft:loot_table",
          "value": "siscu:items/food/warped_stew",
		  "weight": 1
        },
        {
          "type": "minecraft:item",
          "name": "minecraft:crimson_fungus",
		  "functions": [{
			  "function": "minecraft:set_count",
			  "count": {"type":"minecraft:uniform","min":2.0,"max":4.0}
		  }],
		  "weight": 1
        }
      ]
    }
  ]
}