{
	"criteria": {
        "0": {
            "trigger": "minecraft:inventory_changed",
			"conditions": {
				"items": [{
					"items": ["copper_ingot"]
				}]
			}
        },
        "1": {
            "trigger": "minecraft:inventory_changed",
			"conditions": {
				"items": [{
					"items": ["amethyst_shard"]
				}]
			}
        },
        "2": {
            "trigger": "minecraft:inventory_changed",
			"conditions": {
				"items": [{
					"items": ["redstone"]
				}]
			}
        },
        "3": {
            "trigger": "minecraft:inventory_changed",
			"conditions": {
				"items": [{
					"items": ["quartz"]
				}]
			}
        }
    },
	"rewards": {
		"recipes": ["siscu:light_sensor"]
	}
}