{
	"criteria": {
        "0": {
            "trigger": "minecraft:inventory_changed",
			"conditions": {
				"items": [{
					"items": ["netherite_ingot"]
				}]
			}
        },
        "1": {
            "trigger": "minecraft:inventory_changed",
			"conditions": {
				"items": [{
					"items": ["diamond_horse_armor"]
				}]
			}
        },
        "2": {
            "trigger": "minecraft:inventory_changed",
			"conditions": {
				"items": [{
					"items": ["netherite_upgrade_smithing_template"]
				}]
			}
        }
    },
	"rewards": {
		"recipes": ["siscu:netherite_horse_armor"]
	}
}