{
  "pools": [
    {
      "rolls": 1,
      "entries": [
        {
          "type": "minecraft:item",
          "name": "minecraft:wooden_axe",
		  "weight":2
        },
        {
          "type": "minecraft:item",
          "name": "minecraft:stone_axe",
		  "weight":3
        },
        {
          "type": "minecraft:item",
          "name": "minecraft:golden_axe",
		  "weight":2
        },
        {
          "type": "minecraft:loot_table",
          "value": "siscu:groups/tools/copper_axes",
		  "weight":2
        },
        {
          "type": "minecraft:item",
          "name": "minecraft:iron_axe",
		  "weight":1
        }
	]
  }
  ]
}