{
  "pools": [
    {
      "rolls": 1,
      "entries": [
        {
          "type": "minecraft:loot_table",
          "value": "siscu:items/tools/copper_axe",
		  "weight":1
        },
        {
          "type": "minecraft:loot_table",
          "value": "siscu:items/tools/exposed_copper_axe",
		  "weight":3
        },
        {
          "type": "minecraft:loot_table",
          "value": "siscu:items/tools/weathered_copper_axe",
		  "weight":3
        },
        {
          "type": "minecraft:loot_table",
          "value": "siscu:items/tools/oxidised_copper_axe",
		  "weight":2
        }
	]
  }
  ]
}