{
  "pools": [
    {
      "rolls": 1,
      "entries": [
        {
          "type": "minecraft:loot_table",
          "value": "siscu:items/combat/copper_boots",
		  "weight":1
        },
        {
          "type": "minecraft:loot_table",
          "value": "siscu:items/combat/exposed_copper_boots",
		  "weight":3
        },
        {
          "type": "minecraft:loot_table",
          "value": "siscu:items/combat/weathered_copper_boots",
		  "weight":3
        },
        {
          "type": "minecraft:loot_table",
          "value": "siscu:items/combat/oxidised_copper_boots",
		  "weight":2
        }
	]
  }
  ]
}