{
  "pools": [
    {
      "rolls": 1,
      "entries": [
        {
          "type": "minecraft:item",
          "name": "minecraft:wooden_sword",
		  "weight":20
        },
        {
          "type": "minecraft:item",
          "name": "minecraft:stone_sword",
		  "weight":30
        },
        {
          "type": "minecraft:item",
          "name": "minecraft:golden_sword",
		  "weight":20
        },
        {
          "type": "minecraft:loot_table",
          "value": "siscu:groups/tools/copper_swords",
		  "weight":20
        },
        {
          "type": "minecraft:item",
          "name": "minecraft:iron_sword",
		  "weight":10
        },
        {
          "type": "minecraft:loot_table",
          "value": "siscu:items/combat/battle_staff",
		  "weight":5,
		  "conditions": [
		  {
			  "condition": "minecraft:reference",
			  "name": "siscu:locations/check_surface"
		  }
		  ]
        },
        {
          "type": "minecraft:loot_table",
          "value": "siscu:items/combat/battle_staff_bamboo",
		  "weight":30,
		  "conditions": [
			  {
				  "condition": "minecraft:location_check",
				  "predicate": {"biomes": "#is_jungle"}
			  }
		  ]
        }
	]
  }
  ]
}