{
	"pools": [
		{
			"rolls": 1,
			"entries": [
				{
					"type": "minecraft:item",
					"name": "minecraft:fishing_rod",
					"weight": 4,
					"conditions": [
						{
							"condition": "minecraft:reference",
							"name": "siscu:locations/check_surface"
						}
					]
				},
				{
					"type": "minecraft:item",
					"name": "minecraft:trident",
					"weight": 7,
					"conditions": [
						{
							"condition": "minecraft:reference",
							"name": "siscu:utils/is_not_baby"
						}
					]
				},
				{
					"type": "minecraft:loot_table",
					"value": "siscu:items/combat/huge_trident",
					"weight": 7,
					"conditions": [
						{
							"condition": "minecraft:reference",
							"name": "siscu:utils/is_baby"
						}
					]
				}
			],
			"conditions": [
				{
					"condition": "random_chance",
					"chance": 0.1
				}
			]
		}
	]
}