{
    "display": {
      "icon": {
        "id": "minecraft:oak_boat"
      },
      "title": {"translate": "advancements.siscu.minecraft.place_ominous_banner_on_boat.title"},
      "description": [{
        "translate": "advancements.siscu.minecraft.place_ominous_banner_on_boat.description"
        },
        {
            "text":"\nSurvivor's Elegy",
            "color": "gold",
            "italic": true
        }
        ],
		"show_toast": true,
		"announce_to_chat": false,
		"hidden": false,
		"frame": "goal"
    },
    "parent": "minecraft:adventure/voluntary_exile",
    "criteria": {
      "1": {
        "trigger": "minecraft:impossible"
      }
    }
  }
  