{
	"parent": "minecraft:adventure/root",
	"display":{
			"icon": {
					"id": "minecraft:leather_chestplate",
					"components": {"item_model":"siscu_se:copper_chestplate"}
			},
			"title": {"translate": "advancements.siscu.minecraft.shocking_encounter.title"},
			"description": [{
				"translate": "advancements.siscu.minecraft.shocking_encounter.description"
				},
				{
					"text":"\nSurvivor's Elegy",
					"color": "gold",
					"italic": true
				}
		],
		"show_toast": true,
		"announce_to_chat": false,
		"hidden": false,
		"frame": "task"
	},
    "criteria": {
        "1":{
            "trigger": "minecraft:entity_hurt_player",
            "conditions": {
                "damage": {
                    "source_entity": {
                        "type":"#siscu:dischargeable_entities"
                    },
                    "blocked": false
                },
                "player": [
                    {"condition": "reference",
                "name": "siscu:entities/is_wearing_charged_armor"}
                ]
            }
        }
    }
}