{
	"parent": "minecraft:adventure/root",
	"display":{
			"icon": {
					"id": "minecraft:leather_chestplate",
					"components": {"item_model":"siscu_se:elegant_suit"}
			},
			"title": {"translate": "advancements.siscu.minecraft.wear_suit.title"},
			"description": [{
				"translate": "advancements.siscu.minecraft.wear_suit.description"
				},
				{
					"text":"\nSurvivor's Elegy",
					"color": "gold",
					"italic": true
				}
		],
		"show_toast": true,
		"announce_to_chat": false,
		"hidden": false,
		"frame": "task"
	},
	"criteria": {
		"0": 
		{
			"trigger":"minecraft:tick",
			"conditions": {
				"player": [{
					"condition": "minecraft:entity_properties",
					"entity":"this",
					"predicate": {
						"slots": {
							"armor.chest": {
								"predicates": {
									"custom_data": {"SE_data":{"id": "siscu:elegant_suit"}}
								}
							}
						}
					}
				}]
			}
		}
	}
}