{
    "criteria": {
        "0": {
            "trigger": "minecraft:tick",
            "conditions": {
                "player": [
                    {
                        "condition": "any_of",
                        "terms": [
                            {
                                "condition": "all_of",
                                "terms": [
                                    {
                                        "condition": "minecraft:entity_properties",
                                        "entity": "this",
                                        "predicate": {
                                            "slots": {
                                                "weapon.mainhand": {
                                                    "items": [
                                                        "written_book"
                                                    ],
                                                    "predicates": {
                                                        "custom_data": {"SE_data":{"id":"siscu:pamphlet"}}
                                                    }
                                                }
                                            }
                                        }
                                    },
                                    {
                                        "condition": "inverted",
                                        "term": {
                                            "condition": "minecraft:entity_properties",
                                            "entity": "this",
                                            "predicate": {
                                                "slots": {
                                                    "weapon.mainhand": {
                                                        "items": [
                                                            "written_book"
                                                        ],
                                                        "predicates": {
                                                            "custom_data": {"SE_data":{"UpdateVersion":"v1.0.1"}}
                                                        }
                                                    }
                                                }
                                            }
                                        }
                                    }
                                ]
                            }
                        ]
                    }
                ]
            }
        }
    },
    "rewards": {
        "function": "siscu:items/update/pamphlet"
    }
}