{
  "type": "minecraft:entity",
  "pools": [
    {
      "rolls": 1,
      "entries": [
        {
          "type": "minecraft:loot_table",
          "value": "siscu:items/food/drowned_flesh",
          "functions": [
            {
              "function": "minecraft:set_count",
              "count": {
                "min": 0.0,
                "max": 2.0,
                "type": "minecraft:uniform"
              }
            },
            {
              "function": "minecraft:enchanted_count_increase",
              "enchantment": "minecraft:looting",
              "count": {
                "min": 0.0,
                "max": 1.0
              }
            }
          ]
        }
      ]
    },
    {
      "rolls": 1,
      "entries": [
        {
          "type": "minecraft:item",
          "name": "minecraft:copper_ingot"
        }
      ],
      "conditions": [
        {
          "condition": "minecraft:killed_by_player"
        },
        {
          "condition": "minecraft:random_chance_with_enchanted_bonus",
          "enchanted_chance": {
            "type": "minecraft:linear",
            "base": 0.13,
            "per_level_above_first": 0.02
          },
          "enchantment": "minecraft:looting",
          "unenchanted_chance": 0.11
        }
      ]
    }
  ]
}