{
    "type": "minecraft:entity",
    "random_sequence": "minecraft:entities/frog",
    "pools": [
    {
        "rolls": 1.0,
        "entries": [
            {
                "type": "minecraft:loot_table",
                "value": "siscu:items/food/frog_leg",
                "conditions": [
                      {
                        "condition": "minecraft:random_chance_with_enchanted_bonus",
                        "enchanted_chance": {
                          "type": "minecraft:linear",
                          "base": 0.1,
                          "per_level_above_first": 0.2
                        },
                        "enchantment": "minecraft:looting",
                        "unenchanted_chance": 0.1
                      }
                ]
            }
        ]
    }
    ]
}