{
    "type": "minecraft:entity",
    "pools": [
      {
        "entries": [
          {
            "type": "minecraft:loot_table",
            "functions": [
              {
                "conditions": [
                  {
                    "condition": "minecraft:entity_properties",
                    "entity": "this",
                    "predicate": {
                      "flags": {
                        "is_on_fire": true
                      }
                    }
                  }
                ],
                "function": "minecraft:furnace_smelt"
              },
              {
                "add": false,
                "count": {
                  "type": "minecraft:uniform",
                  "max": 2.0,
                  "min": 0.0
                },
                "function": "minecraft:set_count"
              },
              {
                "count": {
                  "type": "minecraft:uniform",
                  "max": 1.0,
                  "min": 0.0
                },
                "function": "enchanted_count_increase",
              "enchantment": "minecraft:looting"
              }
            ],
            "value": "siscu:gameplay/fishing/fish"
          }
        ],
        "rolls": 1.0
      }
    ],
    "random_sequence": "minecraft:entities/polar_bear"
  }