{
  "pools": [
    {
      "rolls": 1,
      "entries": [
        {
          "type": "minecraft:item",
          "name": "minecraft:golden_chestplate",
		  "weight":9
        },
        {
          "type": "minecraft:item",
          "name": "minecraft:chainmail_chestplate",
		  "weight":1
        },
        {
          "type": "minecraft:item",
          "name": "minecraft:netherite_chestplate",
		  "weight":1,
		  "functions": [
        {
          "function": "minecraft:set_components",
          "components": {"repair_cost":100}
        }
		  ]
        }
	],
  "conditions": [{"condition": "random_chance","chance": 0.1}]
    }
  ]
}