{
  "pools": [
    {
      "rolls": 1,
      "entries": [
        {
          "type": "minecraft:item",
          "name": "minecraft:golden_helmet",
		  "weight":30
        },
        {
          "type": "minecraft:item",
          "name": "minecraft:chainmail_helmet",
		  "weight":1
        },
        {
          "type": "minecraft:item",
          "name": "minecraft:netherite_helmet",
		  "weight":1,
		  "functions": [
        {
          "function": "minecraft:set_components",
          "components": {"repair_cost":100}
        }
		  ]
        }		
	],
	"conditions": [
	{
		"condition": "minecraft:random_chance",
		"chance": 0.1
	}
	]
    }
  ]
}