{
  "pools": [
    {
      "rolls": 1,
      "entries": [
        {
          "type": "minecraft:item",
          "name": "minecraft:bone",
		  "functions":[
			{
				"function": "minecraft:set_components",
				"components": {"item_model": "siscu_se:piglin_skull"}
			}
		  ]
        }
		],
		"conditions":[
			{
				"condition":"minecraft:inverted",
				"term": {
					"condition": "minecraft:entity_properties",
					"entity": "this",
					"predicate": {"equipment":{"head":{"items":["golden_helmet","chainmail_helmet","netherite_helmet"]}}}
				}
			}
		]
    },
    {
      "rolls": 1,
      "entries": [
        {
          "type": "minecraft:item",
          "name": "minecraft:bone",
		  "functions":[
			{
				"function": "minecraft:set_components",
				"components": {"item_model": "siscu_se:piglin_skull_golden"}
			}
		  ]
        }
		],
		"conditions":[
			{
				"condition": "minecraft:entity_properties",
				"entity": "this",
				"predicate": {"equipment":{"head":{"items":["minecraft:golden_helmet"]}}}
			}
		]
    },
    {
      "rolls": 1,
      "entries": [
        {
          "type": "minecraft:item",
          "name": "minecraft:bone",
		  "functions":[
			{
				"function": "minecraft:set_components",
				"components": {"item_model": "siscu_se:piglin_skull_chainmail"}
			}
		  ]
        }
		],
		"conditions":[
			{
				"condition": "minecraft:entity_properties",
				"entity": "this",
				"predicate": {"equipment":{"head":{"items":["minecraft:chainmail_helmet"]}}}
			}
		]
    },
    {
      "rolls": 1,
      "entries": [
        {
          "type": "minecraft:item",
          "name": "minecraft:bone",
		  "functions":[
			{
				"function": "minecraft:set_components",
				"components": {"item_model": "siscu_se:piglin_skull_netherite"}
			}
		  ]
        }
		],
		"conditions":[
			{
				"condition": "minecraft:entity_properties",
				"entity": "this",
				"predicate": {"equipment":{"head":{"items":["minecraft:netherite_helmet"]}}}
			}
		]
    }
  ]
}