{
	"display":{
		"icon": {
			"id": "minecraft:suspicious_gravel",
			"components": {"item_model": "siscu_se:tablet_mending"}
		},
		"title": {"translate": "advancements.siscu.story.enchanted_tablets.title"},
		"description": {"translate": "advancements.siscu.story.enchanted_tablets.description"},
		"show_toast": true,
		"announce_to_chat": false,
		"hidden": true
	},
	"parent": "siscu:story/jungle_ruins",
	"criteria": {
		"0": {
			"trigger": "minecraft:inventory_changed",
			"conditions": {
				"items": [{"predicates": {"custom_data": {"SE_data":{"id":"siscu:enchanted_tablet"}}}}]
			}
		}
	}
}