{
	"display":{
		"icon": {
			"id": "minecraft:stone_bricks"
		},
		"title": {"translate": "advancements.siscu.story.infected_citadel.title"},
		"description": {"translate": "advancements.siscu.story.infected_citadel.description"},
		"show_toast": true,
		"announce_to_chat": false,
		"hidden": true
	},
	"parent": "siscu:story/infected_city",
	"criteria": {
		"0": {
			"trigger": "minecraft:location",
			"conditions": {
				"player": {
					"location": {
						"structures": ["siscu:infected_citadel"],
						"position": {"y": {"min": 167}}
					}
				}
			}
		}
	}
}