{
	"display":{
		"icon": {
			"id": "minecraft:bricks"
		},
		"title": {"translate": "advancements.siscu.story.infected_city.title"},
		"description": {"translate": "advancements.siscu.story.infected_city.description"},
		"show_toast": true,
		"announce_to_chat": false,
		"hidden": true
	},
	"parent": "siscu:story/humans",
	"criteria": {
		"0": {
			"trigger": "minecraft:location",
			"conditions": {
				"player": {
					"location": {
						"structures": ["siscu:infected_citadel","siscu:infected_city"]
					}
				}
			}
		}
	}
}