{
	"display":{
		"icon": {
			"id": "minecraft:suspicious_gravel"
		},
		"title": {"translate": "advancements.siscu.story.jungle_ruins.title"},
		"description": {"translate": "advancements.siscu.story.jungle_ruins.description"},
		"show_toast": true,
		"announce_to_chat": false,
		"hidden": true
	},
	"parent": "siscu:story/cloud",
	"criteria": {
		"0": {
			"trigger": "minecraft:location",
			"conditions": {
				"player": {
					"location": {
						"structures": "siscu:jungle_ruins"
					}
				}
			}
		}
	}
}