{
	"display":{
		"icon": {
			"id": "minecraft:written_book",
			"components": {"item_model":"siscu_se:mayor_note"}
		},
		"title": {"translate": "advancements.siscu.story.mayor_note.title"},
		"description": {"translate": "advancements.siscu.story.mayor_note.description"},
		"show_toast": true,
		"announce_to_chat": false,
		"hidden": true
	},
	"parent": "siscu:story/infected_citadel",
	"criteria": {
		"0": {
			"trigger": "minecraft:inventory_changed",
			"conditions": {
				"items": [{
					"items": ["written_book"],
					"components": {"item_model":"siscu_se:mayor_note"}
				}]
			}
		}
	},
	"rewards": {
		"function": "siscu:advancement/clear_connections_schedule"
	}
}