{
	"display":{
		"icon": {
			"id": "minecraft:nether_bricks"
		},
		"title": {"translate": "advancements.siscu.story.nether_fortress.title"},
		"description": {"translate": "advancements.siscu.story.nether_fortress.description"},
		"show_toast": false,
		"announce_to_chat": false,
		"hidden": true
	},
	"parent": "siscu:story/mayor_note",
	"criteria": {
		"0": {
			"trigger": "minecraft:location",
			"conditions": {
				"player": {
					"location": {
						"structures": "fortress"
					}
				}
			}
		}
	}
}