{
	"display":{
		"icon": {
			"id": "minecraft:cobblestone"
		},
		"title": {"translate": "advancements.siscu.story.outpost.title"},
		"description": {"translate": "advancements.siscu.story.outpost.description"},
		"show_toast": true,
		"announce_to_chat": false,
		"hidden": true
	},
	"parent": "siscu:story/villages",
	"criteria": {
		"0": {
			"trigger": "minecraft:location",
			"conditions": {
				"player": {
					"location": {
						"structures": "minecraft:pillager_outpost"
					}
				}
			}
		}
	}
}