{
	"display":{
		"icon": {
			"id": "minecraft:tipped_arrow",
			"components": {"item_model": "siscu_se:phage_arrow","potion_contents":{"custom_color":12624973}}
		},
		"title": {"translate": "advancements.siscu.story.phage.title","font":"minecraft:illageralt"},
		"description": {"translate": "advancements.siscu.story.phage.description"},
		"show_toast": true,
		"announce_to_chat": false,
		"hidden": true
	},
	"parent": "siscu:story/infected_city",
	"criteria": {
		"0": {
			"trigger":"minecraft:inventory_changed",
			"conditions": {
				"items": [
				{
					"items": ["tipped_arrow"],
					"predicates": {"custom_data": {"SE_data":{"id":"siscu:phage_arrow"}}}
				}
				]
			}
		}
	}
}