{
	"display":{
		"icon": {
			"id": "minecraft:leather",
			"components": {"item_model":"siscu_se:crimson_painting_0","custom_model_data": {"floats": [2]}}
		},
		"title": {"translate": "advancements.siscu.story.piglin_tapestry.title"},
		"description": {"translate": "advancements.siscu.story.piglin_tapestry.description"},
		"show_toast": true,
		"announce_to_chat": false,
		"hidden": true
	},
	"parent": "siscu:story/piglin_crevice",
	"criteria": {
        "0": {
            "trigger": "minecraft:inventory_changed",
			"conditions": {
				"items": [{
					"items": ["leather"],
					"predicates": {"custom_data": {"SE_data": {"id":"siscu:crimson_banner"}}}
				}]
			}
        },
        "1": {
            "trigger": "minecraft:inventory_changed",
			"conditions": {
				"items": [{
					"items": ["leather"],
					"predicates": {"custom_data": {"SE_data": {"id":"siscu:crimson_painting"}}}
				}]
			}
        }
	},
	"requirements": [["0","1"]]
}