{
	"display":{
		"icon": {
			"id": "minecraft:cracked_polished_blackstone_bricks"
		},
		"title": {"translate": "advancements.siscu.story.piglin_crevice.title"},
		"description": {"translate": "advancements.siscu.story.piglin_crevice.description"},
		"show_toast": true,
		"announce_to_chat": false,
		"hidden": true
	},
	"parent": "siscu:story/piglins",
	"criteria": {
		"0": {
			"trigger": "minecraft:location",
			"conditions": {
				"player": {
					"location": {
						"structures": "siscu:piglin_crevice"
					}
				}
			}
		}
	}
}