{
    "display": {
    "title": {
      "translate": "pack.siscu",
      "fallback": "SE (MISSING RESOURCES)",
      "color": "white",
      "bold": true
    },
    "description": {
      "translate": "The required Survivor's Elegy Resource Pack is not installed. Read INSTALL.txt for info on that matter",
      "with": [
        [
		{
			"translate": "advancements.siscu.description_1",
			"color": "gold"
		},
		{
			"text":"\n"
		},
		{
			"translate": "advancements.siscu.description_2",
			"color": "gray"
		},
		{
			"text":"\n"
		},
		{
			"translate": "pack.siscu.version",
			"color": "blue",
			"font": "siscu_se:superscript"
		}
        ]
      ]
    },
    "show_toast": false,
    "announce_to_chat": false,
    "icon": {
      "id": "minecraft:barrier",
      "components": {"item_model":"siscu_se:logo"}
    },
    "background": "block/dark_oak_planks"
    },		
    "criteria": {
        "0": {
            "trigger": "minecraft:tick"
        }
    }
}