{
	"display":{
		"icon": {
			"id": "minecraft:bell"
		},
		"title": {"translate": "advancements.siscu.story.villages.title"},
		"description": {"translate": "advancements.siscu.story.villages.description"},
		"show_toast": true,
		"announce_to_chat": false,
		"hidden": true
	},
	"parent": "siscu:story/villagers",
	"criteria": {
		"0": {
			"trigger": "minecraft:location",
			"conditions": {
				"player": {
					"location": {
						"structures": "#minecraft:village"
					}
				}
			}
		}
	}
}