{
	"display":{
		"icon": {
			"id": "minecraft:wither_skeleton_skull"
		},
		"title": {"translate": "advancements.siscu.story.wither_skeleton.title"},
		"description": {"translate": "advancements.siscu.story.wither_skeleton.description"},
		"show_toast": true,
		"announce_to_chat": false,
		"hidden": true
	},
	"parent": "siscu:story/withering_damage",
	"criteria": {
		"0": {
			"trigger":"minecraft:tick",
			"conditions": {
				"player": [
				{
					"condition": "minecraft:entity_properties",
					"entity": "this",
					"predicate": {
						"type_specific": {
							"type": "player",
							"looking_at": {
								"distance": {"absolute": {"min":1,"max":10}},
								"type": "minecraft:wither_skeleton",
								"nbt": "{Tags:[\"withered\"]}"
							}
						}
					}
				}
			]
			}
		}
	}
}