{
	"display":{
		"icon": {
			"id": "minecraft:leather",
			"components": {"item_model":"siscu_se:zombie_villager_head"}
		},
		"title": {"translate": "advancements.siscu.story.zombie_villagers.title"},
		"description": {"translate": "advancements.siscu.story.zombie_villagers.description"},
		"show_toast": true,
		"announce_to_chat": false,
		"hidden": true
	},
	"parent": "siscu:story/villagers",
	"criteria": {
		"0": {
			"trigger":"minecraft:tick",
			"conditions": {
				"player": [
				{
					"condition": "minecraft:entity_properties",
					"entity": "this",
					"predicate": {
						"type_specific": {
							"type": "player",
							"looking_at": {
								"distance": {"absolute": {"min":1,"max":10}},
								"type": "minecraft:zombie_villager"
							}
						}
					}
				}
			]
			}
		}
	}
}