{
	"display":{
		"icon": {
			"id": "minecraft:golden_apple"
		},
		"title": {"translate": "advancements.siscu.story.zombie_villagers_cure.title"},
		"description": {"translate": "advancements.siscu.story.zombie_villagers_cure.description"},
		"show_toast": true,
		"announce_to_chat": false,
		"hidden": true
	},
	"parent": "siscu:story/zombie_villagers_rotting",
	"criteria": {
		"0": {
			"trigger":"minecraft:player_generates_container_loot",
			"conditions": {
				"loot_table": "minecraft:chests/igloo_chest"
			}
		},
		"1": {
			"trigger":"minecraft:tick",
			"conditions": {
				"player": [
				{
					"condition": "minecraft:entity_properties",
					"entity": "this",
					"predicate": {
						"type_specific": {
							"type": "player",
							"advancements": {"siscu:story/phage":true}}
						
					}
				}
				]
			}
		}
	}
}