{
    "supported_items": [
        "arrow"
    ],
    "anvil_cost": 1,
    "description": {
        "translate": "enchantment.siscu.infectious"
    },
    "max_cost": {
        "base": 12,
        "per_level_above_first": 11
    },
    "min_cost": {
        "base": 1,
        "per_level_above_first": 11
    },
    "max_level": 1,
    "slots": [
        "any"
    ],
    "weight": 1,
    "effects": {
        "minecraft:post_attack": [
            {
                "affected": "victim",
                "effect": {
                    "type": "run_function",
                    "function": "siscu:enchantment/infectious/main"
                },
                "enchanted": "attacker",
                "requirements": {
                    "condition": "minecraft:all_of",
                    "terms": [
                        {
                            "condition": "minecraft:damage_source_properties",
                            "predicate": {
                                "is_direct": true
                            }
                        },
                        {
                            "condition": "random_chance",
                            "chance": 0.5
                        }
                    ]
                }
            }
        ]
    }
}