{
  "pools": [
    {
      "rolls": 1,
      "entries": [
        {
          "type": "minecraft:item",
          "name": "minecraft:shield",
		  "weight":100,
		  "conditions": [
		  {
			  "condition": "minecraft:reference",
			  "name": "siscu:locations/check_surface"
		  }
		  ]
        },
        {
          "type": "minecraft:item",
          "name": "minecraft:torch",
		  "weight":100,
		  "conditions": [
		  {
			  "condition": "minecraft:reference",
			  "name": "siscu:locations/check_underground"
		  }
		  ]
        }
	]
  }
  ]
}