{
  "type": "minecraft:fishing",
  "pools": [
    {
      "rolls": 1.0,
      "bonus_rolls": 0.0,
      "entries": [
        {
          "type": "minecraft:loot_table",
          "value": "siscu:items/food/fish"
        },
        {
          "type": "minecraft:item",
          "name": "minecraft:cod"
        },
        {
          "type": "minecraft:item",
          "name": "minecraft:salmon"
        },
        {
          "type": "minecraft:item",
          "name": "minecraft:tropical_fish"
        },
        {
          "type": "minecraft:item",
          "name": "minecraft:pufferfish"
        },
        {
          "type": "minecraft:loot_table",
          "value": "siscu:items/food/bass"
        },
        {
          "type": "minecraft:loot_table",
          "value": "siscu:items/food/catfish"
        },
        {
          "type": "minecraft:loot_table",
          "value": "siscu:items/food/tuna"
        },
        {
          "type": "minecraft:loot_table",
          "value": "siscu:items/food/trout"
        },
        {
          "type": "minecraft:loot_table",
          "value": "siscu:items/food/pufferfish"
        },
        {
          "type": "minecraft:loot_table",
          "value": "siscu:items/food/koi"
        },
        {
          "type": "minecraft:loot_table",
          "value": "siscu:items/food/turbot"
        },
        {
          "type": "minecraft:loot_table",
          "value": "siscu:items/food/hake"
        }
      ]
    }
  ]
}